date,apprehended,cbp_custody,transferred_out_cbp,hhs_care,discharged,transfer_efficiency_ratio,discharge_effectiveness,throughput_rate_30d,net_hhs_flow,backlog_accum,imbalance_flag,streak_id,weekday,is_weekend,year_month,discharge_roll_mean_30d,discharge_roll_std_30d,discharge_cv_30d,discharge_7d_avg,pct_drop_vs_7d
2023-01-12,33.0,53.0,34.0,6566,436.0,0.6415094339622641,0.06640268047517514,,-402.0,-402.0,False,1,Thursday,False,2023-01,,,,,
2023-01-22,32.0,49.0,39.0,7122,227.0,0.7959183673469388,0.031873069362538614,,-188.0,-590.0,False,1,Sunday,True,2023-01,,,,,
2023-01-23,32.0,50.0,39.0,7280,181.0,0.78,0.02486263736263736,,-142.0,-732.0,False,1,Monday,False,2023-01,,,,,
2023-01-24,47.0,42.0,47.0,7433,175.0,1.119047619047619,0.023543656666218216,,-128.0,-860.0,False,1,Tuesday,False,2023-01,,,,,
2023-01-25,20.0,22.0,41.0,7538,180.0,1.8636363636363635,0.02387901300079597,,-139.0,-999.0,False,1,Wednesday,False,2023-01,,,,,
2023-01-29,23.0,45.0,11.0,7472,303.0,0.24444444444444444,0.04055139186295503,,-292.0,-1291.0,False,1,Sunday,True,2023-01,,,,,
2023-01-30,34.0,54.0,29.0,7743,196.0,0.5370370370370371,0.025313186103577426,,-167.0,-1458.0,False,1,Monday,False,2023-01,,,,,
2023-01-31,26.0,36.0,36.0,7803,158.0,1.0,0.020248622324746893,,-122.0,-1580.0,False,1,Tuesday,False,2023-01,,,,242.57142857142858,-0.34864546525323914
2023-02-01,25.0,32.0,27.0,7903,231.0,0.84375,0.029229406554472984,,-204.0,-1784.0,False,1,Wednesday,False,2023-02,,,,202.85714285714286,0.13873239436619716
2023-02-02,15.0,13.0,23.0,7879,298.0,1.7692307692307692,0.03782205863688285,,-275.0,-2059.0,False,1,Thursday,False,2023-02,,,,203.42857142857142,0.4648876404494383
2023-02-05,16.0,18.0,15.0,7586,342.0,0.8333333333333334,0.04508304771948326,,-327.0,-2386.0,False,1,Sunday,True,2023-02,,,,220.14285714285714,0.5535366645035691
2023-02-06,11.0,22.0,12.0,7720,196.0,0.5454545454545454,0.02538860103626943,,-184.0,-2570.0,False,1,Monday,False,2023-02,,,,244.0,-0.19672131147540983
2023-02-07,16.0,20.0,20.0,7855,200.0,1.0,0.025461489497135583,,-180.0,-2750.0,False,1,Tuesday,False,2023-02,,,,246.28571428571428,-0.1879350348027842
2023-02-08,93.0,196.0,169.0,7915,317.0,0.8622448979591837,0.04005053695514845,,-148.0,-2898.0,False,1,Wednesday,False,2023-02,,,,231.57142857142858,0.36890808143121523
2023-02-09,124.0,234.0,161.0,7908,353.0,0.688034188034188,0.044638340920586744,,-192.0,-3090.0,False,1,Thursday,False,2023-02,,,,248.85714285714286,0.4184845005740528
2023-02-12,92.0,203.0,173.0,7434,317.0,0.8522167487684729,0.042641915523271456,,-144.0,-3234.0,False,1,Sunday,True,2023-02,,,,276.7142857142857,0.14558595766649454
2023-02-13,186.0,259.0,172.0,7483,244.0,0.6640926640926641,0.03260724308432447,,-72.0,-3306.0,False,1,Monday,False,2023-02,,,,289.0,-0.15570934256055363
2023-02-14,154.0,225.0,220.0,7794,223.0,0.9777777777777777,0.02861175263022838,,-3.0,-3309.0,False,1,Tuesday,False,2023-02,,,,281.2857142857143,-0.20721178263077702
2023-02-15,91.0,199.0,172.0,7869,290.0,0.864321608040201,0.036853475663997964,,-118.0,-3427.0,False,1,Wednesday,False,2023-02,,,,264.2857142857143,0.09729729729729733
2023-02-16,81.0,213.0,153.0,7793,361.0,0.7183098591549296,0.046323623764917235,,-208.0,-3635.0,False,1,Thursday,False,2023-02,,,,277.7142857142857,0.29989711934156377
2023-02-20,209.0,285.0,184.0,7817,209.0,0.6456140350877193,0.02673659971856211,,-25.0,-3660.0,False,1,Monday,False,2023-02,,,,300.7142857142857,-0.30498812351543947
2023-02-21,184.0,314.0,217.0,7967,213.0,0.6910828025477707,0.02673528304255052,,4.0,-3656.0,True,2,Tuesday,False,2023-02,,,,285.2857142857143,-0.25338007010515773
2023-02-22,107.0,215.0,230.0,7978,232.0,1.069767441860465,0.029079969917272498,,-2.0,-3658.0,False,3,Wednesday,False,2023-02,,,,265.2857142857143,-0.12547119009154548
2023-02-23,101.0,162.0,178.0,7914,386.0,1.0987654320987654,0.04877432398281526,,-208.0,-3866.0,False,3,Thursday,False,2023-02,,,,253.14285714285714,0.5248306997742664
2023-02-26,99.0,190.0,176.0,7609,323.0,0.9263157894736842,0.04244973058220528,,-147.0,-4013.0,False,3,Sunday,True,2023-02,,,,273.42857142857144,0.18129571577847434
2023-02-27,167.0,239.0,166.0,7800,248.0,0.694560669456067,0.031794871794871796,,-82.0,-4095.0,False,3,Monday,False,2023-02,,,,287.7142857142857,-0.13803376365441908
2023-02-28,115.0,216.0,169.0,7896,200.0,0.7824074074074074,0.025329280648429583,,-31.0,-4126.0,False,3,Tuesday,False,2023-02,,,,281.7142857142857,-0.2900608519269777
2023-03-01,84.0,158.0,193.0,7930,307.0,1.2215189873417722,0.03871374527112232,,-114.0,-4240.0,False,3,Wednesday,False,2023-03,,,,258.7142857142857,0.1866372170071783
2023-03-02,130.0,227.0,192.0,7870,335.0,0.8458149779735683,0.042566709021601014,,-143.0,-4383.0,False,3,Thursday,False,2023-03,,,,272.7142857142857,0.22839182818229437
2023-03-07,88.0,214.0,160.0,7859,259.0,0.7476635514018691,0.03295584679984731,3.260780287474333,-99.0,-4482.0,False,3,Tuesday,False,2023-03,264.6666666666667,71.73290176343279,0.27103111497518684,290.14285714285717,-0.1073362875430823
2023-03-08,113.0,208.0,159.0,7885,291.0,0.7644230769230769,0.03690551680405834,3.099403578528827,-132.0,-4614.0,False,3,Wednesday,False,2023-03,259.8333333333333,64.28926189809849,0.24742499768350928,294.0,-0.01020408163265306
2023-03-09,174.0,285.0,150.0,7786,340.0,0.5263157894736842,0.043668122270742356,2.976289047798269,-190.0,-4804.0,False,3,Thursday,False,2023-03,263.6,65.59625725235581,0.24884771340043932,280.42857142857144,0.21242995415180838
2023-03-13,104.0,230.0,206.0,7567,249.0,0.8956521739130435,0.032906039381525046,2.922682301209234,-43.0,-4847.0,False,3,Monday,False,2023-03,265.8666666666667,63.79370487445604,0.23994623197513554,282.85714285714283,-0.11969696969696962
2023-03-14,147.0,276.0,214.0,7810,181.0,0.7753623188405797,0.023175416133162614,2.8214916931778014,33.0,-4814.0,True,4,Tuesday,False,2023-03,266.06666666666666,63.507769458619755,0.23869119064878386,283.0,-0.36042402826855124
2023-03-15,108.0,220.0,213.0,7915,286.0,0.9681818181818181,0.0361339229311434,2.772711690092561,-73.0,-4887.0,False,5,Wednesday,False,2023-03,269.6,61.470261943872316,0.22800542264047594,280.2857142857143,0.02038735983690115
2023-03-16,180.0,280.0,146.0,7989,308.0,0.5214285714285715,0.03855301038928527,2.632726089785296,-162.0,-5049.0,False,5,Thursday,False,2023-03,269.76666666666665,61.57063974136472,0.22823664799715085,277.2857142857143,0.1107676455435343
2023-03-19,134.0,294.0,186.0,7885,306.0,0.6326530612244898,0.03880786303107166,2.584436042848141,-120.0,-5169.0,False,5,Sunday,True,2023-03,273.43333333333334,60.28820627694902,0.2204859427414934,273.42857142857144,0.11912225705329146
2023-03-20,202.0,313.0,158.0,7931,279.0,0.5047923322683706,0.03517841381919052,2.484776119402985,-121.0,-5290.0,False,5,Monday,False,2023-03,277.46666666666664,56.20880611663508,0.20257859004073192,280.14285714285717,-0.004079551249362657
2023-03-21,110.0,272.0,193.0,8050,221.0,0.7095588235294118,0.02745341614906832,2.42037845705968,-28.0,-5318.0,False,5,Tuesday,False,2023-03,277.1333333333333,56.52264320962264,0.2039546904364541,278.42857142857144,-0.2062596203181119
2023-03-22,166.0,277.0,229.0,8097,246.0,0.8267148014440433,0.030381622823267878,2.3039598438371445,-17.0,-5335.0,False,5,Wednesday,False,2023-03,275.4,56.657835687816274,0.20572925086353042,261.42857142857144,-0.05901639344262301
2023-03-23,136.0,276.0,178.0,8102,331.0,0.644927536231884,0.040854110096272524,2.226389638424177,-153.0,-5488.0,False,5,Thursday,False,2023-03,275.03333333333336,56.24606244200465,0.2045063475045618,261.0,0.2681992337164751
2023-03-26,87.0,246.0,173.0,7847,352.0,0.7032520325203252,0.04485790748056582,2.222897937599154,-179.0,-5667.0,False,5,Sunday,True,2023-03,280.23333333333335,55.89749444346745,0.19946768565529005,282.42857142857144,0.24633282751643898
2023-03-27,84.0,171.0,157.0,7994,235.0,0.9181286549707602,0.02939704778583938,2.192727272727273,-78.0,-5745.0,False,5,Monday,False,2023-03,281.4,54.51326950132547,0.19372164001892492,291.85714285714283,-0.1948115516397454
2023-03-28,167.0,209.0,157.0,8079,223.0,0.7511961722488039,0.02760242604282708,2.127420998980632,-66.0,-5811.0,False,5,Tuesday,False,2023-03,278.26666666666665,55.094860723672966,0.19799303087088993,281.42857142857144,-0.20761421319796958
2023-03-29,109.0,245.0,159.0,8208,267.0,0.6489795918367347,0.03252923976608187,2.113584036838066,-108.0,-5919.0,False,5,Wednesday,False,2023-03,275.4,53.279743190848436,0.193463119792478,269.57142857142856,-0.009538950715421244
2023-03-30,156.0,256.0,176.0,8158,359.0,0.6875,0.04400588379504781,2.090108230556255,-183.0,-6102.0,False,5,Thursday,False,2023-03,276.8,54.93657785307435,0.19847029571197378,267.85714285714283,0.3402666666666668
2023-04-02,125.0,232.0,192.0,7981,304.0,0.8275862068965517,0.03809046485402832,2.138036809815951,-112.0,-6214.0,False,5,Sunday,True,2023-04,278.8,54.79327922542932,0.19653256537098035,287.57142857142856,0.0571286636860408
2023-04-03,118.0,139.0,168.0,8054,284.0,1.20863309352518,0.03526198162403774,2.1736326109391126,-116.0,-6330.0,False,5,Monday,False,2023-04,280.8333333333333,53.77352465686987,0.1914784260778749,295.85714285714283,-0.04007725736359239
2023-04-04,142.0,235.0,139.0,8068,259.0,0.5914893617021276,0.03210213187902826,2.137509549274255,-120.0,-6450.0,False,5,Tuesday,False,2023-04,279.8,53.88903029566314,0.19259839276505766,289.14285714285717,-0.10424901185770759
2023-04-05,148.0,245.0,175.0,8175,260.0,0.7142857142857143,0.031804281345565746,2.0763645468202303,-85.0,-6535.0,False,5,Wednesday,False,2023-04,276.43333333333334,51.75384932099479,0.1872200023670377,275.85714285714283,-0.0574831693423096
2023-04-06,119.0,219.0,210.0,8178,284.0,0.958904109589041,0.0347273171924676,2.1434426229508197,-74.0,-6609.0,False,5,Thursday,False,2023-04,278.93333333333334,50.17138443467508,0.17986873004783133,279.42857142857144,0.01635991820040894
2023-04-09,105.0,210.0,149.0,7900,329.0,0.7095238095238096,0.04164556962025316,2.2180392156862747,-180.0,-6789.0,False,5,Sunday,True,2023-04,282.8,49.37848198110817,0.174605664713961,288.14285714285717,0.14179474467030234
2023-04-10,143.0,203.0,163.0,7826,265.0,0.8029556650246306,0.03386148734985944,2.205905205905206,-102.0,-6891.0,False,5,Monday,False,2023-04,283.9,48.56872130965748,0.171076862661703,297.0,-0.10774410774410774
2023-04-11,119.0,209.0,152.0,7922,187.0,0.7272727272727273,0.023605150214592276,2.1443671049239494,-35.0,-6926.0,False,5,Tuesday,False,2023-04,277.26666666666665,47.725460084004304,0.17212837250782992,283.57142857142856,-0.3405541561712846
2023-04-12,155.0,212.0,181.0,7876,283.0,0.8537735849056604,0.035931945149822245,2.103684879288437,-102.0,-7028.0,False,5,Wednesday,False,2023-04,275.93333333333334,46.956277046024326,0.17017254305154986,266.85714285714283,0.060492505353319154
2023-04-13,109.0,214.0,173.0,7795,370.0,0.8084112149532711,0.04746632456703015,2.166623678101625,-197.0,-7225.0,False,5,Thursday,False,2023-04,280.0,49.65883607174058,0.1773529859705021,266.7142857142857,0.38725227637921794
2023-04-16,191.0,283.0,192.0,7380,272.0,0.6784452296819788,0.03685636856368564,2.14318239311915,-80.0,-7305.0,False,5,Sunday,True,2023-04,282.4,47.345101337832816,0.16765262513396892,282.57142857142856,-0.037411526794742106
2023-04-17,170.0,297.0,196.0,7344,248.0,0.6599326599326599,0.03376906318082789,2.082941322109433,-52.0,-7357.0,False,5,Monday,False,2023-04,280.43333333333334,47.51310768934036,0.16942746115300258,284.2857142857143,-0.12763819095477386
2023-04-18,152.0,272.0,214.0,7376,234.0,0.7867647058823529,0.03172451193058568,2.046786505786752,-20.0,-7377.0,False,5,Tuesday,False,2023-04,277.06666666666666,47.08974068903886,0.16995815936852332,279.14285714285717,-0.16171954964176055
2023-04-19,239.0,367.0,224.0,7356,229.0,0.6103542234332425,0.0311310494834149,1.966286799620133,-5.0,-7382.0,False,5,Wednesday,False,2023-04,276.06666666666666,47.79982205516825,0.17314593837902045,265.57142857142856,-0.13770844540075303
2023-04-20,113.0,280.0,237.0,7490,320.0,0.8464285714285714,0.042723631508678236,1.9731718898385564,-83.0,-7465.0,False,5,Thursday,False,2023-04,277.03333333333336,48.4016837362684,0.17471429576321165,260.42857142857144,0.22874382885353806
2023-04-23,196.0,306.0,187.0,7534,266.0,0.6111111111111112,0.03530661003451022,1.9454416627302786,-79.0,-7544.0,False,5,Sunday,True,2023-04,274.56666666666666,46.945811265780684,0.1709814663073231,279.42857142857144,-0.048057259713701485
2023-04-24,236.0,330.0,222.0,7796,213.0,0.6727272727272727,0.027321703437660338,1.8783783783783783,9.0,-7535.0,True,6,Monday,False,2023-04,273.3666666666667,48.0685454062349,0.1758390881827883,277.0,-0.23104693140794225
2023-04-25,81.0,230.0,242.0,8017,202.0,1.0521739130434782,0.025196457527753523,1.912093023255814,40.0,-7495.0,True,6,Tuesday,False,2023-04,274.06666666666666,46.81359464598037,0.17081097535628936,254.57142857142858,-0.2065095398428732
2023-04-26,118.0,245.0,160.0,8117,256.0,0.6530612244897959,0.03153874584205987,1.9006960556844548,-96.0,-7591.0,False,7,Wednesday,False,2023-04,273.06666666666666,46.87027830625447,0.1716440855941936,244.57142857142858,0.04672897196261677
2023-04-27,218.0,283.0,208.0,8159,310.0,0.734982332155477,0.03799485231033215,1.8845446182152714,-102.0,-7693.0,False,7,Thursday,False,2023-04,273.1333333333333,46.92307228479056,0.1717954806619132,245.71428571428572,0.26162790697674415
2023-04-30,132.0,243.0,183.0,8352,293.0,0.7530864197530864,0.03508141762452107,1.8824206166589967,-110.0,-7803.0,False,7,Sunday,True,2023-04,272.7,46.66841950731079,0.17113465165863875,256.57142857142856,0.14198218262806242
2023-05-01,224.0,315.0,152.0,8492,237.0,0.48253968253968255,0.027908619877531796,1.8633241758241759,-85.0,-7888.0,False,7,Monday,False,2023-05,271.3,47.10088219394916,0.17361180314761945,265.7142857142857,-0.10806451612903228
2023-05-02,167.0,326.0,213.0,8654,245.0,0.6533742331288344,0.028310607811416685,1.8447457627118644,-32.0,-7920.0,False,7,Tuesday,False,2023-05,272.1,46.415923248756826,0.17058406192119377,253.85714285714286,-0.0348902644907147
2023-05-03,209.0,353.0,232.0,8704,267.0,0.6572237960339944,0.030675551470588234,1.8316920322291854,-35.0,-7955.0,False,7,Wednesday,False,2023-05,272.8,46.166415618222786,0.169231728805802,250.85714285714286,0.06435079726651478
2023-05-04,153.0,253.0,286.0,8790,332.0,1.1304347826086956,0.03777019340159272,1.8249721293199554,-46.0,-8001.0,False,7,Thursday,False,2023-05,272.8333333333333,46.21022676282022,0.1693716313848023,258.57142857142856,0.2839779005524863
2023-05-07,180.0,337.0,219.0,8485,375.0,0.6498516320474778,0.04419563936358279,1.7929226736566186,-156.0,-8157.0,False,7,Sunday,True,2023-05,273.6,47.734611168923095,0.1744686080735493,277.14285714285717,0.3530927835051545
2023-05-08,133.0,287.0,189.0,8590,261.0,0.6585365853658537,0.03038416763678696,1.7795547871190835,-72.0,-8229.0,False,7,Monday,False,2023-05,274.46666666666664,47.24312271302737,0.17212699555390104,294.14285714285717,-0.11267605633802824
2023-05-09,187.0,310.0,247.0,8606,250.0,0.7967741935483871,0.029049500348594003,1.7777060469119863,-3.0,-8232.0,False,7,Tuesday,False,2023-05,275.3666666666667,46.47986834017005,0.16879264619357237,287.14285714285717,-0.12935323383084585
2023-05-10,168.0,285.0,210.0,8681,304.0,0.7368421052631579,0.03501900702684022,1.7632809179770506,-94.0,-8326.0,False,7,Wednesday,False,2023-05,276.6,46.740368729456115,0.1689818103017213,281.0,0.08185053380782918
2023-05-11,269.0,412.0,204.0,8672,392.0,0.49514563106796117,0.045202952029520294,1.7287819049595352,-188.0,-8514.0,False,7,Thursday,False,2023-05,277.7,49.076400677395625,0.17672452530570987,290.57142857142856,0.3490658800393314
2023-05-14,100.0,255.0,236.0,8445,288.0,0.9254901960784314,0.03410301953818828,1.7344597413433458,-52.0,-8566.0,False,7,Sunday,True,2023-05,277.1666666666667,48.86722569500379,0.17630989426940633,311.57142857142856,-0.0756533700137551
2023-05-15,205.0,294.0,177.0,8571,277.0,0.6020408163265306,0.03231828258079571,1.7021102233148946,-100.0,-8666.0,False,7,Monday,False,2023-05,276.93333333333334,48.850181472386154,0.17639689987621385,314.57142857142856,-0.11943687556766572
2023-05-16,161.0,304.0,211.0,8572,272.0,0.694078947368421,0.03173121791880541,1.6981632653061225,-61.0,-8727.0,False,7,Tuesday,False,2023-05,277.3666666666667,48.74315749209167,0.17573545544558947,306.7142857142857,-0.11318118304611087
2023-05-17,57.0,162.0,193.0,8569,307.0,1.191358024691358,0.03582681759831952,1.7400707007693907,-114.0,-8841.0,False,7,Wednesday,False,2023-05,278.93333333333334,48.92071934885255,0.17538498810535091,292.0,0.05136986301369863
2023-05-18,80.0,122.0,152.0,8474,351.0,1.2459016393442623,0.041420816615529855,1.7683438155136268,-199.0,-9040.0,False,7,Thursday,False,2023-05,281.1666666666667,50.6584801311232,0.18017242488840496,298.57142857142856,0.17559808612440198
2023-05-21,107.0,170.0,133.0,7826,343.0,0.7823529411764706,0.04382826475849732,1.770536462699078,-210.0,-9250.0,False,7,Sunday,True,2023-05,281.6333333333333,51.17615509761078,0.18171199584901448,313.0,0.09584664536741214
2023-05-22,99.0,156.0,139.0,7848,240.0,0.8910256410256411,0.03058103975535168,1.781725888324873,-101.0,-9351.0,False,7,Monday,False,2023-05,280.8,51.65762620201966,0.18396590527784779,318.57142857142856,-0.2466367713004484
2023-05-23,25.0,66.0,94.0,7788,246.0,1.4242424242424243,0.031587057010785825,1.8305999136814848,-152.0,-9503.0,False,7,Tuesday,False,2023-05,282.76666666666665,49.01912598816588,0.17335539073971196,296.85714285714283,-0.17131857555341667
2023-05-24,35.0,70.0,53.0,7709,276.0,0.7571428571428571,0.0358023089894928,1.8777137793531236,-223.0,-9726.0,False,7,Wednesday,False,2023-05,282.53333333333336,49.034634721784684,0.1735534499355286,290.85714285714283,-0.051080550098231745
2023-05-25,43.0,73.0,64.0,7546,408.0,0.8767123287671232,0.05406838059899284,1.9141187050359711,-344.0,-10070.0,False,7,Thursday,False,2023-05,283.8,51.78563241033108,0.18247227769672686,290.7142857142857,0.4034398034398034
2023-05-29,41.0,60.0,71.0,6996,207.0,1.1833333333333333,0.029588336192109776,1.9657980456026058,-136.0,-10206.0,False,7,Monday,False,2023-05,281.6333333333333,53.62351731465779,0.19040188418034487,310.14285714285717,-0.33256563795485955
2023-05-30,65.0,83.0,65.0,7046,168.0,0.7831325301204819,0.023843315356230486,1.9959456236584785,-103.0,-10309.0,False,7,Tuesday,False,2023-05,278.96666666666664,57.22218242010298,0.20512193483129282,295.85714285714283,-0.4321583775953645
2023-05-31,38.0,80.0,82.0,7053,210.0,1.025,0.029774564015312633,2.045844569747487,-128.0,-10437.0,False,7,Wednesday,False,2023-05,278.1666666666667,58.034522028930674,0.2086321942322253,269.7142857142857,-0.22139830508474578
2023-06-01,56.0,82.0,68.0,7002,287.0,0.8292682926829268,0.040988289060268496,2.1568275154004106,-219.0,-10656.0,False,7,Thursday,False,2023-06,280.1,57.30159172128734,0.20457547919060098,250.71428571428572,0.1447293447293447
2023-06-04,74.0,103.0,80.0,6555,292.0,0.7766990291262136,0.04454614797864226,2.1713767176562095,-212.0,-10868.0,False,7,Sunday,True,2023-06,279.1666666666667,56.85558434546575,0.20366179467032505,257.42857142857144,0.1342952275249722
2023-06-05,68.0,107.0,102.0,6523,189.0,0.9532710280373832,0.02897439828299862,2.225261464199517,-87.0,-10955.0,False,7,Monday,False,2023-06,276.6,59.1617304076511,0.21388911933351806,264.0,-0.2840909090909091
2023-06-06,92.0,124.0,93.0,6508,187.0,0.75,0.028733866011063307,2.307391910739191,-94.0,-11049.0,False,7,Tuesday,False,2023-06,275.73333333333335,60.3049339396974,0.2187074490076066,251.57142857142858,-0.25667234525837596
2023-06-07,113.0,162.0,107.0,6483,208.0,0.6604938271604939,0.032083911769242635,2.288636991982306,-101.0,-11150.0,False,7,Wednesday,False,2023-06,275.93333333333334,60.06142449729011,0.21766643330740557,220.0,-0.05454545454545454
2023-06-08,106.0,196.0,131.0,6446,255.0,0.6683673469387755,0.0395594166925225,2.295977808599168,-124.0,-11274.0,False,7,Thursday,False,2023-06,275.9,60.0731450701617,0.21773521228764664,220.14285714285714,0.1583387410772226
2023-06-11,86.0,152.0,168.0,6007,238.0,1.105263157894737,0.039620442816713834,2.3625107975813417,-70.0,-11344.0,False,7,Sunday,True,2023-06,273.5,60.102068356169404,0.21975162104632323,232.57142857142858,0.023341523341523288
2023-06-12,84.0,118.0,136.0,6021,177.0,1.152542372881356,0.029397110114598904,2.361751824817518,-41.0,-11385.0,False,7,Monday,False,2023-06,269.6333333333333,62.488334543520956,0.23175300238665208,236.57142857142858,-0.2518115942028986
2023-06-13,59.0,64.0,117.0,6061,146.0,1.828125,0.024088434251773636,2.453374233128834,-29.0,-11414.0,False,7,Tuesday,False,2023-06,266.6,66.22407104827445,0.24840236702278487,220.85714285714286,-0.3389391979301423
2023-06-14,62.0,97.0,52.0,6065,167.0,0.5360824742268041,0.027535037098103874,2.510301109350238,-115.0,-11529.0,False,7,Wednesday,False,2023-06,264.0,68.59023756814945,0.25981150593996005,200.0,-0.165
2023-06-15,91.0,75.0,97.0,6038,272.0,1.2933333333333332,0.045048029148724744,2.609483042476128,-175.0,-11704.0,False,7,Thursday,False,2023-06,264.1666666666667,68.6038519745585,0.2596991241939123,196.85714285714286,0.38171262699564584
2023-06-19,29.0,51.0,11.0,5679,142.0,0.21568627450980393,0.02500440218348301,2.6553381393752145,-131.0,-11835.0,False,7,Monday,False,2023-06,257.8333333333333,70.8588121856966,0.2748240938036068,209.0,-0.32057416267942584
2023-06-20,33.0,53.0,34.0,5904,134.0,0.6415094339622641,0.022696476964769646,2.7093275488069413,-100.0,-11935.0,False,7,Tuesday,False,2023-06,249.8,70.7786252558176,0.28334117396244035,199.57142857142858,-0.32856120257695065
2023-06-21,93.0,196.0,169.0,5922,149.0,0.8622448979591837,0.025160418777440054,2.7079970652971386,20.0,-11915.0,True,8,Wednesday,False,2023-06,246.06666666666666,73.08376551334236,0.2970079877269399,182.28571428571428,-0.1826018808777429
2023-06-22,124.0,234.0,161.0,5956,207.0,0.688034188034188,0.03475486903962391,2.755914382275629,-46.0,-11961.0,False,9,Thursday,False,2023-06,244.63333333333333,73.42483058970208,0.3001423787561061,169.57142857142858,0.2207245155855096
2023-06-25,92.0,203.0,173.0,5766,263.0,0.8522167487684729,0.0456122095039889,2.8210282180131427,-90.0,-12051.0,False,9,Sunday,True,2023-06,243.26666666666668,72.65930575393418,0.298681717267474,173.85714285714286,0.5127362366474938
2023-06-26,186.0,259.0,172.0,5819,174.0,0.6640926640926641,0.02990204502491837,2.8274760383386583,-2.0,-12053.0,False,9,Monday,False,2023-06,236.0,68.0248433320125,0.2882408615763241,190.57142857142858,-0.08695652173913049
2023-06-27,154.0,225.0,220.0,5917,155.0,0.9777777777777777,0.026195707284096672,2.715793588741204,65.0,-11988.0,True,10,Tuesday,False,2023-06,231.56666666666666,68.84800016294446,0.29731394917062526,191.57142857142858,-0.19090231170768088
2023-06-28,91.0,199.0,172.0,5999,174.0,0.864321608040201,0.02900483413902317,2.800327332242226,-2.0,-11990.0,False,11,Wednesday,False,2023-06,228.13333333333333,69.07204301623634,0.3027704983178098,174.85714285714286,-0.004901960784313749
2023-06-29,81.0,213.0,153.0,6058,213.0,0.7183098591549296,0.035160118851105975,2.8701353637901863,-60.0,-12050.0,False,11,Thursday,False,2023-06,226.16666666666666,68.61842686733024,0.3033976132674882,179.42857142857142,0.18710191082802555
2023-07-02,209.0,285.0,184.0,5903,309.0,0.6456140350877193,0.05234626461121464,2.6975357710651826,-125.0,-12175.0,False,11,Sunday,True,2023-07,226.23333333333332,68.70059144117931,0.30367139284446437,190.71428571428572,0.6202247191011235
2023-07-04,184.0,314.0,217.0,6127,124.0,0.6910828025477707,0.020238289538110004,2.50381679389313,93.0,-12082.0,True,12,Tuesday,False,2023-07,218.66666666666666,66.96387772180056,0.306237245678966,213.57142857142858,-0.41939799331103683
2023-07-05,107.0,215.0,230.0,6193,167.0,1.069767441860465,0.02696592927498789,2.4366412213740456,63.0,-12019.0,True,12,Wednesday,False,2023-07,212.8,63.30517220248465,0.2974867114778414,201.71428571428572,-0.1720963172804533
2023-07-06,101.0,162.0,178.0,6239,205.0,1.0987654320987654,0.03285782978041353,2.4214340198321893,-27.0,-12046.0,False,13,Thursday,False,2023-07,211.63333333333333,63.108818627080765,0.2981988594758896,188.0,0.09042553191489362
2023-07-09,99.0,190.0,176.0,6214,196.0,0.9263157894736842,0.03154168007724493,2.3364243323442135,-20.0,-12066.0,False,13,Sunday,True,2023-07,209.96666666666667,62.82953584670727,0.29923576367696747,192.42857142857142,0.018559762435040896
2023-07-10,167.0,239.0,166.0,6346,163.0,0.694560669456067,0.025685471162937283,2.1874115983026874,3.0,-12063.0,True,14,Monday,False,2023-07,206.2,62.11746381127339,0.30124861208183024,198.28571428571428,-0.1779538904899135
2023-07-11,115.0,216.0,169.0,6498,143.0,0.7824074074074074,0.02200677131425054,2.0417241379310345,26.0,-12037.0,True,14,Tuesday,False,2023-07,197.36666666666667,50.11330839368875,0.2539096861696778,196.71428571428572,-0.2730573710965868
2023-07-12,84.0,158.0,193.0,6521,210.0,1.2215189873417722,0.032203649746971326,2.0129119945633707,-17.0,-12054.0,False,15,Wednesday,False,2023-07,197.46666666666667,50.13618235974126,0.25389693970159316,186.71428571428572,0.12471308339709253
2023-07-13,130.0,227.0,192.0,6604,226.0,0.8458149779735683,0.03422168382798304,1.9886968085106382,-34.0,-12088.0,False,15,Thursday,False,2023-07,199.4,50.078972116806646,0.25114830550053485,172.57142857142858,0.30960264900662243
2023-07-16,88.0,214.0,160.0,6468,218.0,0.7476635514018691,0.03370439084724799,1.9587965990843688,-58.0,-12146.0,False,15,Sunday,True,2023-07,199.66666666666666,50.158599038163935,0.2512116813263636,187.14285714285714,0.16488549618320614
2023-07-17,113.0,208.0,159.0,6632,160.0,0.7644230769230769,0.024125452352231604,1.8821829855537722,-1.0,-12147.0,False,15,Monday,False,2023-07,195.43333333333334,47.8393023629604,0.2447857872912864,194.42857142857142,-0.1770756796473181
2023-07-18,174.0,285.0,150.0,6874,181.0,0.5263157894736842,0.026331102705848125,1.7891135303265941,-31.0,-12178.0,False,15,Tuesday,False,2023-07,191.73333333333332,44.27261419677101,0.23090723677036343,188.0,-0.03723404255319149
2023-07-19,104.0,230.0,206.0,7001,226.0,0.8956521739130435,0.03228110269961434,1.7806828668102122,-20.0,-12198.0,False,15,Wednesday,False,2023-07,192.96666666666667,44.707079847668254,0.23168291508551522,185.85714285714286,0.21598770176787085
2023-07-20,147.0,276.0,214.0,7116,281.0,0.7753623188405797,0.0394884766722878,1.779491833030853,-67.0,-12265.0,False,15,Thursday,False,2023-07,196.1,47.48237422527439,0.24213347386677406,194.85714285714286,0.44208211143695014
2023-07-23,108.0,220.0,213.0,7052,276.0,0.9681818181818181,0.039137833238797506,1.8027870342320509,-63.0,-12328.0,False,15,Sunday,True,2023-07,198.36666666666667,49.64389279613414,0.25026328077365556,214.57142857142858,0.2862849533954726
2023-07-24,180.0,280.0,146.0,7220,187.0,0.5214285714285715,0.025900277008310248,1.743111111111111,-41.0,-12369.0,False,15,Monday,False,2023-07,196.1,48.508335579461935,0.24736530127211595,224.0,-0.16517857142857142
2023-07-25,134.0,294.0,186.0,7510,136.0,0.6326530612244898,0.018109187749667112,1.688869412795793,50.0,-12319.0,True,16,Tuesday,False,2023-07,192.7,49.04195951533224,0.25449901149627524,218.42857142857142,-0.37737083060824067
2023-07-26,202.0,313.0,158.0,7647,215.0,0.5047923322683706,0.028115600889237608,1.6433210957356679,-57.0,-12376.0,False,17,Wednesday,False,2023-07,193.96666666666667,49.11315810300344,0.25320411463999026,206.71428571428572,0.04008293020041461
2023-07-27,110.0,272.0,193.0,7754,259.0,0.7095588235294118,0.03340211503740005,1.6514476614699332,-66.0,-12442.0,False,17,Thursday,False,2023-07,197.73333333333332,49.63795359179955,0.2510348293583929,214.57142857142858,0.20705725699067903
2023-07-30,166.0,277.0,229.0,7671,305.0,0.8267148014440433,0.03976013557554426,1.6423160173160174,-76.0,-12518.0,False,17,Sunday,True,2023-07,202.33333333333334,52.973860394136906,0.2618147960171511,225.71428571428572,0.35126582278481006
2023-07-31,136.0,276.0,178.0,7800,220.0,0.644927536231884,0.028205128205128206,1.6086607858861266,-42.0,-12560.0,False,17,Monday,False,2023-07,200.6,51.44437907032284,0.256452537738399,237.0,-0.07172995780590717
2023-08-01,87.0,246.0,173.0,8103,168.0,0.7032520325203252,0.02073306182895224,1.590944985522506,5.0,-12555.0,True,18,Tuesday,False,2023-08,201.46666666666667,50.63577400608623,0.25133574126118247,228.28571428571428,-0.2640801001251564
2023-08-02,84.0,171.0,157.0,8261,271.0,0.9181286549707602,0.03280474518823387,1.6054545454545455,-114.0,-12669.0,False,19,Wednesday,False,2023-08,206.03333333333333,50.51901883813512,0.24519827942793296,212.85714285714286,0.27315436241610735
2023-08-03,167.0,209.0,157.0,8294,339.0,0.7511961722488039,0.04087292018326501,1.623598369011213,-182.0,-12851.0,False,19,Thursday,False,2023-08,212.36666666666667,54.84679812320723,0.25826462779724013,224.85714285714286,0.5076238881829733
2023-08-06,109.0,245.0,159.0,8298,322.0,0.6489795918367347,0.03880453121234032,1.659247889485802,-163.0,-13014.0,False,19,Sunday,True,2023-08,216.2,58.36472718440801,0.2699571100111379,253.85714285714286,0.2684299380979178
2023-08-07,156.0,256.0,176.0,8493,202.0,0.6875,0.023784292947132933,1.6171658696199345,-26.0,-13040.0,False,19,Monday,False,2023-08,214.16666666666666,57.73726659639353,0.26959034986642894,269.14285714285717,-0.24946921443736736
2023-08-08,125.0,232.0,192.0,8725,207.0,0.8275862068965517,0.02372492836676218,1.6508179959100204,-15.0,-13055.0,False,19,Tuesday,False,2023-08,215.26666666666668,57.257996480138665,0.2659863571390771,261.0,-0.20689655172413793
2023-08-09,118.0,139.0,168.0,8888,251.0,1.20863309352518,0.02824032403240324,1.6909184726522188,-83.0,-13138.0,False,19,Wednesday,False,2023-08,218.46666666666667,56.4506090699458,0.2583946097190073,247.0,0.016194331983805668
2023-08-10,142.0,235.0,139.0,8914,353.0,0.5914893617021276,0.03960062822526363,1.7145403615991852,-214.0,-13352.0,False,19,Thursday,False,2023-08,224.43333333333334,60.87504631922546,0.2712388815649434,251.42857142857142,0.4039772727272728
2023-08-16,148.0,245.0,175.0,9634,288.0,0.7142857142857143,0.029894124974050237,1.7045568352528793,-113.0,-13465.0,False,19,Wednesday,False,2023-08,226.93333333333334,61.92037898247524,0.2728571341765948,277.85714285714283,0.0365038560411312
2023-08-17,119.0,219.0,210.0,9694,407.0,0.958904109589041,0.04198473282442748,1.7689549180327868,-197.0,-13662.0,False,19,Thursday,False,2023-08,230.2,68.62160110294033,0.29809557386160007,280.2857142857143,0.4520897043832824
2023-08-20,105.0,210.0,149.0,9483,390.0,0.7095238095238096,0.041126225877886745,1.8750326797385621,-241.0,-13903.0,False,19,Sunday,True,2023-08,239.06666666666666,71.54884193059466,0.29928405715530393,290.0,0.3448275862068966
2023-08-21,143.0,203.0,163.0,9668,281.0,0.8029556650246306,0.029064956557716178,1.887075887075887,-118.0,-14021.0,False,19,Monday,False,2023-08,242.86666666666667,70.61050685387369,0.2907377443887195,299.7142857142857,-0.06244041944709249
2023-08-22,119.0,209.0,152.0,9921,230.0,0.7272727272727273,0.023183146860195545,1.8847641144624903,-78.0,-14099.0,False,19,Tuesday,False,2023-08,243.7,70.29501870810219,0.28844898936439145,311.0,-0.2604501607717042
2023-08-23,155.0,212.0,181.0,10071,285.0,0.8537735849056604,0.02829907655644921,1.880559085133418,-104.0,-14203.0,False,19,Wednesday,False,2023-08,246.66666666666666,70.09025380294284,0.284149677579498,314.2857142857143,-0.09318181818181816
2023-08-24,109.0,214.0,173.0,10026,443.0,0.8084112149532711,0.044185118691402354,1.9809130771214858,-270.0,-14473.0,False,19,Thursday,False,2023-08,256.0,76.8787670789941,0.3003076839023207,319.14285714285717,0.3880931065353625
2023-08-27,191.0,283.0,192.0,9873,488.0,0.6784452296819788,0.049427732198926363,2.0301037186946624,-296.0,-14769.0,False,19,Sunday,True,2023-08,267.5,84.78929259010863,0.316969318093864,332.0,0.46987951807228917
2023-08-28,170.0,297.0,196.0,10012,388.0,0.6599326599326599,0.03875349580503396,2.030948254518445,-192.0,-14961.0,False,19,Monday,False,2023-08,273.43333333333334,86.83026777742232,0.31755553252744967,360.57142857142856,0.07606973058637088
2023-08-29,152.0,272.0,214.0,10180,286.0,0.7867647058823529,0.028094302554027506,2.034720512189116,-72.0,-15033.0,False,19,Tuesday,False,2023-08,275.43333333333334,86.3899273077012,0.3136509523455205,357.85714285714283,-0.20079840319361272
2023-08-30,239.0,367.0,224.0,10280,366.0,0.6103542234332425,0.035603112840466924,1.9969135802469136,-142.0,-15175.0,False,19,Wednesday,False,2023-08,280.3666666666667,87.21890151572197,0.3110886987839328,343.0,0.06705539358600583
2023-08-31,113.0,280.0,237.0,10140,505.0,0.8464285714285714,0.04980276134122288,2.0788224121557457,-268.0,-15443.0,False,19,Thursday,False,2023-08,291.8666666666667,93.33134644847392,0.31977391428211716,355.14285714285717,0.4219629927594528
2023-09-04,196.0,306.0,187.0,9988,293.0,0.6111111111111112,0.02933520224269123,2.0944733112895606,-106.0,-15549.0,False,19,Monday,False,2023-09,295.6,90.95341740655509,0.3076908572616884,394.42857142857144,-0.2571532053603767
2023-09-05,236.0,330.0,222.0,10142,243.0,0.6727272727272727,0.023959771248274503,2.0350435180943656,-21.0,-15570.0,False,19,Tuesday,False,2023-09,296.1666666666667,90.55692944918337,0.30576340838216104,395.57142857142856,-0.3856988082340195
2023-09-06,81.0,230.0,242.0,10356,291.0,1.0521739130434782,0.02809965237543453,2.068604651162791,-49.0,-15619.0,False,19,Wednesday,False,2023-09,296.5,90.51757306999987,0.30528692435075844,367.0,-0.20708446866485014
2023-09-07,118.0,245.0,160.0,10419,398.0,0.6530612244897959,0.03819944332469527,2.0921113689095128,-238.0,-15857.0,False,19,Thursday,False,2023-09,300.56666666666666,92.28803611083838,0.3070468097288623,338.85714285714283,0.17453625632377748
2023-09-10,218.0,283.0,208.0,10282,382.0,0.734982332155477,0.03715230499902743,2.1186752529898802,-174.0,-16031.0,False,19,Sunday,True,2023-09,307.06666666666666,90.86971853773093,0.2959283061367703,340.2857142857143,0.12258606213266166
2023-09-11,132.0,243.0,183.0,10492,277.0,0.7530864197530864,0.02640106747998475,2.1520938794293603,-94.0,-16125.0,False,19,Monday,False,2023-09,311.76666666666665,85.1852680048462,0.27323404684543845,354.0,-0.2175141242937853
2023-09-12,224.0,315.0,152.0,10649,316.0,0.48253968253968255,0.02967414780730585,2.1643772893772892,-164.0,-16289.0,False,19,Tuesday,False,2023-09,315.1333333333333,83.20176280183811,0.26402082547653305,341.2857142857143,-0.07408957722896607
2023-09-13,167.0,326.0,213.0,10678,343.0,0.6533742331288344,0.03212212024723731,2.1554802259887005,-130.0,-16419.0,False,19,Wednesday,False,2023-09,317.93333333333334,82.65922287583389,0.25998916819826134,314.2857142857143,0.0913636363636364
2023-09-14,209.0,353.0,232.0,10837,414.0,0.6572237960339944,0.038202454553843315,2.159131602506714,-182.0,-16601.0,False,19,Thursday,False,2023-09,321.56666666666666,84.44736509367456,0.26261230981758443,321.42857142857144,0.2879999999999999
2023-09-17,153.0,253.0,286.0,10799,427.0,1.1304347826086956,0.03954069821279748,2.197101449275362,-141.0,-16742.0,False,19,Sunday,True,2023-09,328.46666666666664,84.31907107604087,0.2567051078020323,345.85714285714283,0.234613795952086
2023-09-18,180.0,337.0,219.0,10892,313.0,0.6498516320474778,0.028736687477047374,2.1841415465268676,-94.0,-16836.0,False,19,Monday,False,2023-09,333.3,78.7773597792735,0.2363557149093114,365.2857142857143,-0.1431364880719593
2023-09-19,133.0,287.0,189.0,11095,260.0,0.6585365853658537,0.023433979269941414,2.158634104171169,-71.0,-16907.0,False,19,Tuesday,False,2023-09,332.93333333333334,79.10226176344105,0.23759189556500115,353.14285714285717,-0.2637540453074434
2023-09-20,187.0,310.0,247.0,11064,364.0,0.7967741935483871,0.03289949385394071,2.1547234775123734,-117.0,-17024.0,False,19,Wednesday,False,2023-09,333.76666666666665,79.29981664253849,0.23759058217079346,335.7142857142857,0.08425531914893615
2023-09-21,168.0,285.0,210.0,11067,428.0,0.7368421052631579,0.03867353392970091,2.150233744156396,-218.0,-17242.0,False,19,Thursday,False,2023-09,337.3,81.0985564733982,0.24043449888348117,348.14285714285717,0.22938038572014763
2023-09-24,269.0,412.0,204.0,10744,403.0,0.49514563106796117,0.03750930752047654,2.141523137580411,-199.0,-17441.0,False,19,Sunday,True,2023-09,344.0,77.76977517670005,0.22607492783924432,364.14285714285717,0.10670851314240871
2023-09-25,100.0,255.0,236.0,10842,284.0,0.9254901960784314,0.026194429072126914,2.168752607425949,-48.0,-17489.0,False,19,Monday,False,2023-09,346.56666666666666,74.28495152444061,0.21434534440061734,372.7142857142857,-0.23802223073974704
2023-09-26,205.0,294.0,177.0,10978,332.0,0.6020408163265306,0.03024230278739297,2.1466912517926655,-155.0,-17644.0,False,19,Tuesday,False,2023-09,349.26666666666665,72.1325089718547,0.20652560308795964,354.14285714285717,-0.06252521177894318
2023-09-27,161.0,304.0,211.0,11017,331.0,0.694078947368421,0.030044476717799765,2.133877551020408,-120.0,-17764.0,False,19,Wednesday,False,2023-09,348.53333333333336,72.20504010172657,0.20716824818781532,340.57142857142856,-0.028104026845637536
2023-09-28,57.0,162.0,193.0,10984,447.0,1.191358024691358,0.040695557174071376,2.207319609066334,-254.0,-18018.0,False,19,Thursday,False,2023-09,353.8333333333333,73.43356525286724,0.20753716039434925,343.14285714285717,0.30266444629475425
2023-10-01,80.0,122.0,152.0,10598,493.0,1.2459016393442623,0.046518210983204376,2.2433962264150944,-341.0,-18359.0,False,19,Sunday,True,2023-10,356.7,77.16446832845917,0.21632875898082188,369.85714285714283,0.3329470838161453
2023-10-02,107.0,170.0,133.0,10724,284.0,0.7823529411764706,0.02648265572547557,2.22024308466052,-151.0,-18510.0,False,19,Monday,False,2023-10,353.1666666666667,78.00932010336003,0.22088528580470038,388.2857142857143,-0.26857983811626196
2023-10-03,99.0,156.0,139.0,10818,287.0,0.8910256410256411,0.026529857644666296,2.2421742808798646,-148.0,-18658.0,False,19,Tuesday,False,2023-10,353.3666666666667,77.82539401778172,0.22023977176996995,367.7142857142857,-0.21950271950271952
2023-10-04,25.0,66.0,94.0,10963,330.0,1.4242424242424243,0.030101249657940345,2.3092360811394044,-236.0,-18894.0,False,19,Wednesday,False,2023-10,356.7,74.42661277832786,0.20865324580411512,351.14285714285717,-0.0602115541090318
2023-10-05,35.0,70.0,53.0,11130,427.0,0.7571428571428571,0.038364779874213835,2.4020824102791316,-374.0,-19268.0,False,19,Thursday,False,2023-10,361.43333333333334,74.22458154646012,0.20536174918323374,357.7142857142857,0.19369009584664534
2023-10-09,43.0,73.0,64.0,10815,282.0,0.8767123287671232,0.0260748959778086,2.401528776978417,-218.0,-19486.0,False,19,Monday,False,2023-10,356.06666666666666,73.94356344343048,0.20766774979431887,371.2857142857143,-0.24047710657945362
2023-10-10,41.0,60.0,71.0,10910,257.0,1.1833333333333333,0.023556370302474795,2.4315960912052117,-186.0,-19672.0,False,19,Tuesday,False,2023-10,348.3666666666667,71.72528209741674,0.2058901983468091,364.2857142857143,-0.2945098039215686
2023-10-11,65.0,83.0,65.0,10960,266.0,0.7831325301204819,0.02427007299270073,2.46339136656332,-201.0,-19873.0,False,19,Wednesday,False,2023-10,344.3,72.85041357892678,0.2115899319748091,337.14285714285717,-0.21101694915254243
2023-10-12,38.0,80.0,82.0,10992,398.0,1.025,0.03620815138282387,2.55969600392253,-316.0,-20189.0,False,19,Thursday,False,2023-10,348.03333333333336,72.62918731869922,0.20868457231692142,304.7142857142857,0.3061415846225973
2023-10-15,56.0,82.0,68.0,10571,434.0,0.8292682926829268,0.04105571847507331,2.6973819301848048,-366.0,-20555.0,False,19,Sunday,True,2023-10,350.3,74.25220303245149,0.21196746512261344,321.0,0.35202492211838005
2023-10-16,74.0,103.0,80.0,10629,331.0,0.7766990291262136,0.031141217424028603,2.679543686803215,-251.0,-20806.0,False,19,Monday,False,2023-10,344.5,68.30951365053336,0.198285961249734,342.0,-0.03216374269005848
2023-10-17,68.0,107.0,102.0,10630,315.0,0.9532710280373832,0.029633113828786452,2.777420219898096,-213.0,-21019.0,False,19,Tuesday,False,2023-10,345.23333333333335,67.85414547005402,0.19654575302709476,342.14285714285717,-0.07933194154488524
2023-10-18,92.0,124.0,93.0,10511,393.0,0.75,0.037389401579297876,2.9308228730822874,-300.0,-21319.0,False,19,Wednesday,False,2023-10,350.23333333333335,65.54844659162183,0.1871565049727472,326.14285714285717,0.20499342969776602
2023-10-19,113.0,162.0,107.0,10319,406.0,0.6604938271604939,0.03934489776141099,2.9366878628697815,-299.0,-21618.0,False,19,Thursday,False,2023-10,354.06666666666666,65.32725751715458,0.18450552866829575,342.0,0.1871345029239766
2023-10-22,106.0,196.0,131.0,9506,454.0,0.6683673469387755,0.047759309909530825,2.961997226074896,-323.0,-21941.0,False,19,Sunday,True,2023-10,355.93333333333334,67.39330435039042,0.18934249208762996,363.2857142857143,0.249705072748722
2023-10-23,86.0,152.0,168.0,9436,327.0,1.105263157894737,0.03465451462484104,3.05873884249928,-159.0,-22100.0,False,19,Monday,False,2023-10,354.1,67.40784258066189,0.19036385930715022,390.14285714285717,-0.16184547784694256
2023-10-24,84.0,118.0,136.0,9396,300.0,1.152542372881356,0.031928480204342274,3.108321167883212,-164.0,-22264.0,False,19,Tuesday,False,2023-10,354.8666666666667,66.62697669104077,0.18775214171813104,380.0,-0.21052631578947367
2023-10-25,59.0,64.0,117.0,9351,293.0,1.828125,0.03133354721420169,3.2585889570552147,-176.0,-22440.0,False,19,Wednesday,False,2023-10,354.1,67.21932706472496,0.1898314799907511,360.85714285714283,-0.18804433887569275
2023-10-26,62.0,97.0,52.0,9235,390.0,0.5360824742268041,0.04223064428803465,3.3819334389857367,-338.0,-22778.0,False,19,Thursday,False,2023-10,355.6666666666667,67.49882927890654,0.18978115073731922,355.42857142857144,0.09726688102893885
2023-10-29,91.0,75.0,97.0,8925,418.0,1.2933333333333332,0.046834733893557426,3.5146526177148503,-321.0,-23099.0,False,19,Sunday,True,2023-10,355.8,67.62186954957171,0.19005584471492892,366.14285714285717,0.14163090128755357
2023-10-30,29.0,51.0,11.0,9026,278.0,0.21568627450980393,0.030799911367161533,3.6131136285616203,-267.0,-23366.0,False,19,Monday,False,2023-10,350.8333333333333,67.68389169811591,0.19292320674047292,369.7142857142857,-0.24806800618238023
2023-10-31,33.0,53.0,34.0,9072,295.0,0.6415094339622641,0.03251763668430335,3.7986261749819232,-261.0,-23627.0,False,19,Tuesday,False,2023-10,350.23333333333335,68.10928506924488,0.19446831179949997,351.42857142857144,-0.16056910569105695
2023-11-01,132.0,235.0,197.0,9250,279.0,0.8382978723404255,0.03016216216216216,3.806871609403255,-82.0,-23709.0,False,19,Wednesday,False,2023-11,350.8666666666667,67.32511614819391,0.19188233749247743,328.7142857142857,-0.15123859191655803
2023-11-02,174.0,208.0,256.0,9442,330.0,1.2307692307692308,0.03495022241050625,3.8125,-74.0,-23783.0,False,19,Thursday,False,2023-11,349.73333333333335,67.38255854004272,0.19266839079310727,321.85714285714283,0.025299600532623246
2023-11-05,123.0,230.0,167.0,9273,370.0,0.7260869565217392,0.039900787231748086,3.8544514222386406,-203.0,-23986.0,False,19,Sunday,True,2023-11,347.8,65.87469819338038,0.18940396260316383,326.14285714285717,0.13447218572054306
2023-11-06,123.0,233.0,159.0,9286,316.0,0.6824034334763949,0.034029722162395006,4.040218664584147,-157.0,-24143.0,False,19,Monday,False,2023-11,344.9,65.27308681278184,0.18925220879322077,337.14285714285717,-0.06271186440677973
2023-11-07,141.0,232.0,188.0,9483,231.0,0.8103448275862069,0.024359379943055995,3.9561875480399693,-43.0,-24186.0,False,19,Tuesday,False,2023-11,343.1333333333333,67.65211892766027,0.19715985698754693,326.57142857142856,-0.29265091863517056
2023-11-08,158.0,226.0,191.0,9634,310.0,0.8451327433628318,0.03217770396512352,4.020352250489236,-119.0,-24305.0,False,19,Wednesday,False,2023-11,342.4,67.89576189099442,0.19829369711154915,299.85714285714283,0.03382563125297769
2023-11-12,96.0,160.0,233.0,9477,313.0,1.45625,0.03302732932362562,4.118072289156626,-80.0,-24385.0,False,19,Sunday,True,2023-11,341.8,68.07926414773107,0.1991786546159481,304.42857142857144,0.02815579540122003
2023-11-13,141.0,173.0,129.0,9510,287.0,0.7456647398843931,0.030178759200841218,3.9215229215229215,-158.0,-24543.0,False,19,Monday,False,2023-11,336.46666666666664,65.78215528563184,0.19550868422517886,307.0,-0.06514657980456026
2023-11-14,116.0,181.0,182.0,9665,247.0,1.0055248618784531,0.025556130367304707,3.7731800766283525,-65.0,-24608.0,False,19,Tuesday,False,2023-11,328.26666666666665,60.73568134552987,0.18501933797379125,308.14285714285717,-0.1984237366713028
2023-11-15,150.0,157.0,201.0,9762,316.0,1.2802547770700636,0.03237041589838148,3.7240859404447795,-115.0,-24723.0,False,19,Wednesday,False,2023-11,329.3333333333333,60.21016830914932,0.18282439769984613,296.2857142857143,0.06653809064609453
2023-11-16,80.0,176.0,125.0,9762,374.0,0.7102272727272727,0.03831182134808441,3.783978739559605,-249.0,-24972.0,False,19,Thursday,False,2023-11,332.23333333333335,60.19604943695298,0.1811860623165034,288.57142857142856,0.29603960396039614
2023-11-19,116.0,188.0,164.0,9573,435.0,0.8723404255319149,0.04544030084612974,3.6961467889908257,-271.0,-25243.0,False,19,Sunday,True,2023-11,335.73333333333335,63.046744198435675,0.18778815785872421,296.85714285714283,0.4653512993262754
2023-11-20,105.0,185.0,158.0,9638,298.0,0.8540540540540541,0.03091927785847686,3.55742397137746,-140.0,-25383.0,False,19,Monday,False,2023-11,331.43333333333334,60.972398126802666,0.18396579943720004,326.0,-0.08588957055214724
2023-11-21,136.0,246.0,123.0,9804,250.0,0.5,0.025499796001631988,3.431786703601108,-127.0,-25510.0,False,19,Tuesday,False,2023-11,330.3666666666667,62.13582637689972,0.18808140362294334,324.2857142857143,-0.22907488986784139
2023-11-23,128.0,228.0,177.0,9838,283.0,0.7763157894736842,0.028766009351494207,3.340168067226891,-106.0,-25616.0,False,19,Thursday,False,2023-11,331.23333333333335,61.25226714077654,0.18492180881788225,315.2857142857143,-0.10240144993203441
2023-11-26,90.0,196.0,205.0,9845,312.0,1.0459183673469388,0.031691213814118845,3.3276666666666666,-107.0,-25723.0,False,19,Sunday,True,2023-11,332.76666666666665,60.12841621713983,0.1806924257752374,314.7142857142857,-0.008624602814344101
2023-11-27,56.0,82.0,68.0,10123,214.0,0.8292682926829268,0.02113997826731206,3.246852220013254,-146.0,-25869.0,False,19,Monday,False,2023-11,326.6333333333333,62.57931978192009,0.19158889615854707,324.0,-0.3395061728395062
2023-11-28,74.0,103.0,80.0,10223,223.0,0.7766990291262136,0.021813557664090776,3.158102766798419,-143.0,-26012.0,False,19,Tuesday,False,2023-11,319.6,61.95025813310728,0.1938368527318751,309.42857142857144,-0.27931671283471843
2023-11-29,68.0,107.0,102.0,10398,284.0,0.9532710280373832,0.027312944797076362,3.1488448844884487,-182.0,-26194.0,False,19,Wednesday,False,2023-11,318.03333333333336,62.24561102562998,0.1957203994097997,287.85714285714283,-0.013399503722084283
2023-11-30,92.0,124.0,93.0,10536,320.0,0.75,0.030372057706909643,3.1257367387033397,-227.0,-26421.0,False,19,Thursday,False,2023-11,318.2,62.2439029004116,0.19561251697175236,266.2857142857143,0.20171673819742492
2023-12-03,132.0,235.0,197.0,10579,417.0,0.8382978723404255,0.039417714339729654,3.0930833872010344,-220.0,-26641.0,False,19,Sunday,True,2023-12,319.0,63.38225575685667,0.198690456918046,269.42857142857144,0.5477200424178154
2023-12-04,174.0,208.0,256.0,10635,273.0,1.2307692307692308,0.025669957686882933,2.9911251980982567,-17.0,-26658.0,False,19,Monday,False,2023-12,314.56666666666666,61.716640204736734,0.19619574082251798,293.2857142857143,-0.06916707257671698
2023-12-05,123.0,230.0,167.0,10761,261.0,0.7260869565217392,0.024254251463618624,2.914249684741488,-94.0,-26752.0,False,19,Tuesday,False,2023-12,308.1333333333333,56.52142305681827,0.183431706155836,291.85714285714283,-0.10572687224669595
2023-12-06,123.0,233.0,159.0,10832,376.0,0.6824034334763949,0.03471196454948301,2.8959177313804925,-217.0,-26969.0,False,19,Wednesday,False,2023-12,309.76666666666665,57.77941605399141,0.1865256086968409,284.57142857142856,0.32128514056224905
2023-12-07,141.0,232.0,188.0,10897,466.0,0.8103448275862069,0.04276406350371662,2.8962033067973056,-278.0,-27247.0,False,19,Thursday,False,2023-12,315.3,64.38309373291017,0.20419630108756792,307.7142857142857,0.5143918291550603
2023-12-10,158.0,226.0,191.0,10871,411.0,0.8451327433628318,0.03780700947474933,2.846062407132244,-220.0,-27467.0,False,19,Sunday,True,2023-12,319.23333333333335,66.54201852878421,0.20844320307648806,342.42857142857144,0.20025031289111384
2023-12-11,96.0,160.0,233.0,10998,304.0,1.45625,0.027641389343517002,2.7922918505442778,-71.0,-27538.0,False,19,Monday,False,2023-12,316.3666666666667,65.22770901226343,0.2061775651004007,360.57142857142856,-0.1568938193343898
2023-12-12,141.0,173.0,129.0,11077,259.0,0.7456647398843931,0.02338178207095784,2.7057118005218905,-130.0,-27668.0,False,19,Tuesday,False,2023-12,311.06666666666666,63.11015729676958,0.20288306031966216,358.2857142857143,-0.2771132376395534
2023-12-13,116.0,181.0,182.0,11192,335.0,1.0055248618784531,0.029932094353109364,2.6552601809954752,-153.0,-27821.0,False,19,Wednesday,False,2023-12,312.96666666666664,62.93811045087424,0.20110164165792177,335.7142857142857,-0.0021276595744681094
2023-12-14,150.0,157.0,201.0,11242,396.0,1.2802547770700636,0.03522504892367906,2.597864768683274,-195.0,-28016.0,False,19,Thursday,False,2023-12,316.3333333333333,64.62268915808902,0.20428668859248372,344.57142857142856,0.14925373134328362
2023-12-17,80.0,176.0,125.0,11092,456.0,0.7102272727272727,0.04111071042192571,2.684532074423771,-331.0,-28347.0,False,19,Sunday,True,2023-12,322.23333333333335,69.02657326053466,0.21421301311844831,363.85714285714283,0.2532391048292109
2023-12-18,116.0,188.0,164.0,11149,364.0,0.8723404255319149,0.03264866804197686,2.738075077617838,-200.0,-28547.0,False,19,Monday,False,2023-12,323.3666666666667,69.4363927899352,0.21472959320668547,375.2857142857143,-0.030072325846973714
2023-12-19,105.0,185.0,158.0,11291,272.0,0.8540540540540541,0.024089983172438226,2.724255319148936,-114.0,-28661.0,False,19,Tuesday,False,2023-12,320.1,69.47207327780887,0.2170324063661633,360.7142857142857,-0.24594059405940596
2023-12-20,136.0,246.0,123.0,11516,390.0,0.5,0.033865925668634944,2.735161107970605,-267.0,-28928.0,False,19,Wednesday,False,2023-12,322.56666666666666,70.62561972060524,0.21894890891992946,340.85714285714283,0.14417435037720042
2023-12-21,128.0,228.0,177.0,11375,497.0,0.7763157894736842,0.04369230769230769,2.820709219858156,-320.0,-29248.0,False,19,Thursday,False,2023-12,331.43333333333334,75.27773098074353,0.22712782152492264,353.14285714285717,0.40736245954692546
2023-12-25,90.0,196.0,205.0,11144,347.0,1.0459183673469388,0.031137832017229004,2.886896152733584,-142.0,-29390.0,False,19,Monday,False,2023-12,332.6666666666667,75.2175389182572,0.22610482640758678,387.14285714285717,-0.10369003690036906
2023-12-26,56.0,82.0,68.0,11217,288.0,0.8292682926829268,0.025675314255148435,2.913374304945859,-220.0,-29610.0,False,19,Tuesday,False,2023-12,331.8333333333333,75.58055001275052,0.2277665997370684,388.85714285714283,-0.2593681116825863
2023-12-27,74.0,103.0,80.0,11206,335.0,0.7766990291262136,0.029894699268249152,2.985970149253731,-255.0,-29865.0,False,19,Wednesday,False,2023-12,333.43333333333334,75.10529773009648,0.22524831869468104,373.42857142857144,-0.10290742157612857
2023-12-28,68.0,107.0,102.0,11230,357.0,0.9532710280373832,0.031789848619768475,3.0626892792247125,-255.0,-30120.0,False,19,Thursday,False,2023-12,337.1,73.40598021302134,0.21775728333735192,356.14285714285717,0.002406738868832663
2024-01-01,92.0,124.0,93.0,10870,290.0,0.75,0.02667893284268629,3.1094327990135633,-197.0,-30317.0,False,19,Monday,False,2024-01,336.23333333333335,73.81602635692627,0.219538097621472,355.14285714285717,-0.18342719227674986
2024-01-02,113.0,162.0,107.0,10770,316.0,0.6604938271604939,0.02934076137418756,3.0604211168751907,-209.0,-30526.0,False,19,Tuesday,False,2024-01,334.3,73.55183487713343,0.22001745401475747,357.7142857142857,-0.11661341853035145
2024-01-03,106.0,196.0,131.0,10718,263.0,0.6683673469387755,0.02453816010449711,3.017141108050199,-132.0,-30658.0,False,19,Wednesday,False,2024-01,328.56666666666666,72.12139351329016,0.21950307450529621,347.14285714285717,-0.24238683127572022
2024-01-04,86.0,152.0,168.0,10558,362.0,1.105263157894737,0.03428679674180716,3.0544950738916254,-194.0,-30852.0,False,19,Thursday,False,2024-01,330.7,72.13261254871786,0.21812099349476222,313.7142857142857,0.15391621129326044
2024-01-07,84.0,118.0,136.0,9670,367.0,1.152542372881356,0.03795243019648397,3.1408010012515644,-231.0,-31083.0,False,19,Sunday,True,2024-01,334.6,70.76897820275538,0.21150322236328564,315.85714285714283,0.1619176843057441
2024-01-08,59.0,64.0,117.0,9670,367.0,1.828125,0.03795243019648397,3.2369683402622322,-250.0,-31333.0,False,19,Monday,False,2024-01,337.4,70.31731037184962,0.20840933720168825,327.14285714285717,0.1218340611353711
2024-01-09,62.0,97.0,52.0,9311,286.0,0.5360824742268041,0.030716356997100205,3.2578251048725395,-234.0,-31567.0,False,19,Tuesday,False,2024-01,336.53333333333336,70.79973374844407,0.2103795574933956,331.7142857142857,-0.13781223083548666
2024-01-10,91.0,75.0,97.0,9144,349.0,1.2933333333333332,0.038167104111986004,3.264518187619655,-252.0,-31819.0,False,19,Wednesday,False,2024-01,341.03333333333336,66.92738387718192,0.19624880425329466,321.57142857142856,0.08529542425588632
2024-01-11,29.0,51.0,11.0,8829,476.0,0.21568627450980393,0.053913240457582966,3.3939786338620914,-465.0,-32284.0,False,19,Thursday,False,2024-01,349.46666666666664,67.47910702623042,0.19309168359279977,330.0,0.44242424242424244
2024-01-15,33.0,53.0,34.0,8033,234.0,0.6415094339622641,0.029129839412423753,3.416502946954813,-200.0,-32484.0,False,19,Monday,False,2024-01,347.8,69.73170258087477,0.2004936819461609,352.85714285714283,-0.33684210526315783
2024-01-16,32.0,49.0,39.0,8133,188.0,0.7959183673469388,0.02311570146317472,3.440881763527054,-149.0,-32633.0,False,19,Tuesday,False,2024-01,343.4,75.47440762865611,0.2197856948999887,348.7142857142857,-0.46087668988119623
2024-01-17,80.0,176.0,125.0,8072,353.0,0.7102272727272727,0.04373141724479683,3.479945615227736,-228.0,-32861.0,False,19,Wednesday,False,2024-01,341.26666666666665,74.21633491230946,0.21747314391182693,323.85714285714283,0.08998676665196303
2024-01-18,116.0,188.0,164.0,8042,359.0,0.8723404255319149,0.044640636657547875,3.579750346740638,-195.0,-33056.0,False,19,Thursday,False,2024-01,344.1333333333333,73.14168269274661,0.21253879124199906,321.85714285714283,0.1154016866400356
2024-01-21,105.0,185.0,158.0,7974,371.0,0.8540540540540541,0.04652621018309506,3.6406140963014653,-213.0,-33269.0,False,19,Sunday,True,2024-01,347.8,71.57075110541382,0.2057813430287919,320.7142857142857,0.1567928730512249
2024-01-22,136.0,246.0,123.0,8008,222.0,0.5,0.027722277722277724,3.5706842653699202,-99.0,-33368.0,False,19,Monday,False,2024-01,342.6666666666667,74.92264209736979,0.21864584269660442,332.85714285714283,-0.3330472103004291
2024-01-23,128.0,228.0,177.0,8133,202.0,0.7763157894736842,0.024837083487028157,3.4947662247034192,-25.0,-33393.0,False,19,Tuesday,False,2024-01,333.8666666666667,75.4392806001705,0.22595631170178865,314.7142857142857,-0.3581479800272356
2024-01-24,90.0,196.0,205.0,8212,243.0,1.0459183673469388,0.02959084266926449,3.5196568977841314,-38.0,-33431.0,False,19,Wednesday,False,2024-01,328.26666666666665,75.75092275906991,0.23076032522056228,275.57142857142856,-0.11819595645412126
2024-01-25,102.0,189.0,155.0,8180,293.0,0.8201058201058201,0.03581907090464548,3.5082025677603426,-138.0,-33569.0,False,19,Thursday,False,2024-01,327.9,75.89891189988305,0.23146969167393427,276.85714285714283,0.058307533539731775
2024-01-28,120.0,257.0,126.0,8004,307.0,0.490272373540856,0.03835582208895552,3.5519223859144806,-181.0,-33750.0,False,19,Sunday,True,2024-01,329.5,74.8956745677981,0.2273009850312537,291.85714285714283,0.05188448360254536
2024-01-29,137.0,272.0,166.0,8057,195.0,0.6102941176470589,0.024202556782921682,3.4753922967189728,-29.0,-33779.0,False,19,Monday,False,2024-01,324.8333333333333,78.80096416937417,0.24258890970561572,285.2857142857143,-0.3164747120681021
2024-01-30,93.0,198.0,208.0,8182,187.0,1.0505050505050506,0.02285504766560743,3.471423370950127,21.0,-33758.0,True,20,Tuesday,False,2024-01,317.8666666666667,81.48523595204794,0.25635036478203,261.85714285714283,-0.2858701582105837
2024-01-31,203.0,477.0,258.0,8153,266.0,0.5408805031446541,0.03262602722924077,3.2564459930313587,-8.0,-33766.0,False,21,Wednesday,False,2024-01,311.53333333333336,77.67338040145101,0.2493260659152076,235.57142857142858,0.12916919345057604
2024-02-01,222.0,459.0,289.0,8026,337.0,0.6296296296296297,0.04198853725392474,3.1313844086021505,-48.0,-33814.0,False,21,Thursday,False,2024-02,310.6333333333333,77.19946548561316,0.24852279907376273,241.85714285714286,0.39338452451269934
2024-02-04,253.0,531.0,248.0,7813,342.0,0.4670433145009416,0.04377319851529502,3.0054417413572345,-94.0,-33908.0,False,21,Sunday,True,2024-02,312.96666666666664,77.04923787729034,0.24618991759705083,261.14285714285717,0.3096280087527351
2024-02-05,157.0,466.0,345.0,7872,242.0,0.740343347639485,0.030741869918699188,2.938314785373609,103.0,-33805.0,True,22,Monday,False,2024-02,308.03333333333336,76.68407348619915,0.24894732221469262,275.2857142857143,-0.12091333679294237
2024-02-06,291.0,455.0,323.0,8045,178.0,0.7098901098901099,0.022125543816034803,2.6970979443772674,145.0,-33660.0,True,22,Tuesday,False,2024-02,297.4,71.52072282285368,0.24048662684214422,268.0,-0.3358208955223881
2024-02-07,227.0,453.0,330.0,8160,222.0,0.7284768211920529,0.027205882352941177,2.55355587808418,108.0,-33552.0,True,22,Wednesday,False,2024-02,293.23333333333335,72.16966758646078,0.24611686115651052,249.57142857142858,-0.110475100171723
2024-02-08,298.0,499.0,358.0,8188,315.0,0.717434869739479,0.03847093307278945,2.393273664225658,43.0,-33509.0,True,22,Thursday,False,2024-02,294.1333333333333,72.27043719221601,0.24570638211315507,253.42857142857142,0.2429537767756483
2024-02-11,205.0,515.0,226.0,8056,347.0,0.4388349514563107,0.04307348560079444,2.314300680984809,-121.0,-33630.0,False,23,Sunday,True,2024-02,294.53333333333336,72.5371407046708,0.24627820519919918,271.7142857142857,0.2770767613038906
2024-02-12,213.0,430.0,440.0,8092,234.0,1.0232558139534884,0.028917449332674247,2.1985869290941205,206.0,-33424.0,True,24,Monday,False,2024-02,290.43333333333334,72.36053569755269,0.24914680028997827,283.2857142857143,-0.1739788199697428
2024-02-13,227.0,369.0,349.0,8348,160.0,0.94579945799458,0.019166267369429803,2.0944363103953147,189.0,-33235.0,True,24,Tuesday,False,2024-02,286.1,76.17916721283711,0.2662676239525939,268.57142857142856,-0.40425531914893614
2024-02-14,185.0,322.0,272.0,8512,230.0,0.84472049689441,0.027020676691729324,2.0376498800959233,42.0,-33193.0,True,24,Wednesday,False,2024-02,283.23333333333335,76.6319836591762,0.2705613169089427,242.57142857142858,-0.05182567726737343
2024-02-15,333.0,508.0,272.0,8463,312.0,0.5354330708661418,0.03686635944700461,1.9435979076643166,-40.0,-33233.0,False,25,Thursday,False,2024-02,284.8666666666667,76.70801483697713,0.26927690675278654,240.85714285714286,0.29537366548042704
2024-02-19,249.0,420.0,371.0,8380,218.0,0.8833333333333333,0.026014319809069212,1.8425438596491228,153.0,-33080.0,True,26,Monday,False,2024-02,280.06666666666666,76.2188017953999,0.2721452099335869,260.0,-0.16153846153846155
2024-02-20,149.0,395.0,273.0,8488,192.0,0.6911392405063291,0.022620169651272386,1.7788108108108107,81.0,-32999.0,True,26,Tuesday,False,2024-02,274.23333333333335,76.03251724203888,0.2772548337499898,259.42857142857144,-0.2599118942731278
2024-02-21,232.0,430.0,318.0,8573,231.0,0.7395348837209302,0.026945060072320073,1.6863276365152147,87.0,-32912.0,True,26,Wednesday,False,2024-02,269.7,74.34641655905438,0.2756633910235609,241.85714285714286,-0.04489072652096871
2024-02-22,165.0,400.0,292.0,8607,293.0,0.73,0.0340420587893575,1.652315853907366,-1.0,-32913.0,False,27,Thursday,False,2024-02,269.93333333333334,74.41029467770576,0.2756617486207919,225.28571428571428,0.300570703868104
2024-02-25,244.0,482.0,366.0,8404,329.0,0.7593360995850622,0.03914802475011899,1.5983379501385042,37.0,-32876.0,True,28,Sunday,True,2024-02,269.26666666666665,73.76427194849802,0.27394505551559056,233.71428571428572,0.4077017114914425
2024-02-26,199.0,438.0,326.0,8404,329.0,0.7442922374429224,0.03914802475011899,1.518185298621746,-3.0,-32879.0,False,29,Monday,False,2024-02,264.3666666666667,63.76221091077304,0.2411885420909332,257.85714285714283,0.2759002770083104
2024-02-27,197.0,369.0,306.0,8650,206.0,0.8292682926829268,0.023815028901734103,1.466778025241277,100.0,-32779.0,True,30,Tuesday,False,2024-02,263.43333333333334,64.42353571500875,0.24455346975202613,272.0,-0.2426470588235294
2024-02-28,209.0,447.0,274.0,8699,257.0,0.6129753914988815,0.02954362570410392,1.432524707996406,17.0,-32762.0,True,30,Wednesday,False,2024-02,265.73333333333335,62.850086183977126,0.23651562788752054,256.85714285714283,0.0005561735261402506
2024-02-29,262.0,444.0,354.0,8724,299.0,0.7972972972972973,0.03427326914259514,1.377762310770837,55.0,-32707.0,True,30,Thursday,False,2024-02,263.93333333333334,61.010984501850785,0.23116058790799743,262.42857142857144,0.1393576483396842
2024-03-03,236.0,468.0,347.0,8594,354.0,0.7414529914529915,0.04119152897370258,1.3487301857848986,-7.0,-32714.0,False,31,Sunday,True,2024-03,263.76666666666665,60.74859631319071,0.23031187784604087,277.7142857142857,0.2746913580246913
2024-03-04,225.0,509.0,340.0,8660,229.0,0.6679764243614931,0.02644341801385681,1.2979789544012026,111.0,-32603.0,True,32,Monday,False,2024-03,259.03333333333336,57.55326368608091,0.22218477809579554,295.2857142857143,-0.22447992259313013
2024-03-05,246.0,472.0,345.0,8800,214.0,0.7309322033898306,0.02431818181818182,1.2732491389207807,131.0,-32472.0,True,32,Tuesday,False,2024-03,258.76666666666665,57.7489712303253,0.2231700549928841,286.14285714285717,-0.25212181727408894
2024-03-06,230.0,457.0,277.0,8870,232.0,0.6061269146608315,0.026155580608793687,1.257138248104533,45.0,-32427.0,True,32,Wednesday,False,2024-03,259.76666666666665,56.98680024618746,0.21937687763192915,269.7142857142857,-0.1398305084745763
2024-03-07,181.0,424.0,328.0,8902,305.0,0.7735849056603774,0.03426196360368457,1.2488076311605723,23.0,-32404.0,True,32,Thursday,False,2024-03,261.8333333333333,57.479881537884324,0.2195285100110159,255.85714285714286,0.19207146845337797
2024-03-10,190.0,368.0,326.0,8714,373.0,0.8858695652173914,0.04280468212072527,1.2441204139228599,-47.0,-32451.0,False,33,Sunday,True,2024-03,264.5,60.73898367548682,0.22963698932131124,270.0,0.3814814814814815
2024-03-11,178.0,336.0,290.0,8757,253.0,0.8630952380952381,0.02889117277606486,1.2245183343691735,37.0,-32414.0,True,34,Monday,False,2024-03,262.7,60.234112227724324,0.22928858860953302,286.57142857142856,-0.11714855433698898
2024-03-12,154.0,294.0,290.0,8843,213.0,0.9863945578231292,0.02408684835463078,1.2240818224081822,77.0,-32337.0,True,34,Tuesday,False,2024-03,263.3,59.62303998079722,0.22644527148043,280.0,-0.2392857142857143
2024-03-13,165.0,358.0,167.0,8819,239.0,0.4664804469273743,0.027100578296859055,1.218544061302682,-72.0,-32409.0,False,35,Wednesday,False,2024-03,265.03333333333336,58.06386693700465,0.2190813744321644,259.85714285714283,-0.08026388125343586
2024-03-14,166.0,301.0,252.0,8695,310.0,0.8372093023255814,0.03565267395054629,1.2322749691738595,-58.0,-32467.0,False,35,Thursday,False,2024-03,266.5,58.64195861620627,0.2200448728563087,261.2857142857143,0.18644067796610173
2024-03-17,127.0,260.0,259.0,8373,342.0,0.9961538461538462,0.04084557506270154,1.2513686844986704,-83.0,-32550.0,False,35,Sunday,True,2024-03,266.6666666666667,58.855951173231134,0.22070981689961675,275.0,0.24363636363636362
2024-03-18,123.0,243.0,188.0,8333,283.0,0.7736625514403292,0.033961358454338175,1.267922720740859,-95.0,-32645.0,False,35,Monday,False,2024-03,264.7,57.21474972598339,0.21614941339623495,290.7142857142857,-0.026535626535626564
2024-03-19,99.0,202.0,256.0,8390,197.0,1.2673267326732673,0.023480333730631704,1.272522159548751,59.0,-32586.0,True,36,Tuesday,False,2024-03,263.2,58.407840758488796,0.22191428859608206,287.57142857142856,-0.3149528067560854
2024-03-20,91.0,181.0,174.0,8365,227.0,0.9613259668508287,0.02713687985654513,1.3230641132389676,-53.0,-32639.0,False,37,Wednesday,False,2024-03,264.8333333333333,56.6002822786513,0.21372038620006786,262.42857142857144,-0.1350027218290692
2024-03-21,132.0,261.0,141.0,8292,235.0,0.5402298850574713,0.028340569223347805,1.3465313028764805,-94.0,-32733.0,False,37,Thursday,False,2024-03,265.26666666666665,56.31006116588551,0.21227718459117434,258.7142857142857,-0.09166206515737164
2024-03-24,124.0,264.0,221.0,7899,373.0,0.8371212121212122,0.04722116723635903,1.397489539748954,-152.0,-32885.0,False,37,Sunday,True,2024-03,267.2,59.00753896895239,0.22083659793769608,261.85714285714283,0.42444080741953094
2024-03-25,128.0,242.0,224.0,7899,229.0,0.9256198347107438,0.028991011520445625,1.3956529422159392,-5.0,-32890.0,False,37,Monday,False,2024-03,263.26666666666665,57.416165771967414,0.21809128553545487,281.0,-0.18505338078291814
2024-03-26,187.0,276.0,200.0,7919,208.0,0.7246376811594203,0.02626594266952898,1.3974791407775609,-8.0,-32898.0,False,37,Tuesday,False,2024-03,262.4,58.06571782219622,0.22128703438336975,269.42857142857144,-0.2279957582184518
2024-03-27,129.0,287.0,185.0,7893,215.0,0.6445993031358885,0.027239325985050043,1.4321589882565493,-30.0,-32928.0,False,37,Wednesday,False,2024-03,264.23333333333335,55.53419781032946,0.21017105264411298,250.28571428571428,-0.14098173515981732
2024-03-28,161.0,288.0,248.0,7762,360.0,0.8611111111111112,0.04637979902087091,1.4619851206677554,-112.0,-33040.0,False,37,Thursday,False,2024-03,268.56666666666666,57.796720664240546,0.21520437134506842,240.57142857142858,0.4964370546318289
2024-03-31,105.0,254.0,151.0,7257,287.0,0.594488188976378,0.03954802259887006,1.5203482869581677,-136.0,-33176.0,False,37,Sunday,True,2024-03,267.73333333333335,57.327211648590755,0.21412056143646943,263.85714285714283,0.087709799675149
2024-04-01,109.0,235.0,171.0,7271,172.0,0.7276595744680852,0.023655618209324714,1.5527902002722147,-1.0,-33177.0,False,37,Monday,False,2024-04,266.2,59.2850507411382,0.22270868047009093,272.42857142857144,-0.36864184583114845
2024-04-02,101.0,230.0,175.0,7340,132.0,0.7608695652173914,0.017983651226158037,1.5556427870461236,43.0,-33134.0,True,38,Tuesday,False,2024-04,264.2,62.783371398308574,0.23763577364991892,263.42857142857144,-0.49891540130151846
2024-04-03,124.0,230.0,190.0,7346,163.0,0.8260869565217391,0.02218894636536891,1.575696811710447,27.0,-33107.0,True,38,Wednesday,False,2024-04,261.93333333333334,65.20415331246485,0.24893415619419007,229.0,-0.28820960698689957
2024-04-04,95.0,226.0,152.0,7317,225.0,0.672566371681416,0.03075030750307503,1.5842993695342689,-73.0,-33180.0,False,39,Thursday,False,2024-04,259.6666666666667,65.26885159481333,0.2513562962573042,219.57142857142858,0.024723487312947243
2024-04-07,106.0,239.0,233.0,6982,279.0,0.9748953974895398,0.039959896877685475,1.6195856873822976,-46.0,-33226.0,False,39,Sunday,True,2024-04,258.0,64.06462254683925,0.248312490491625,222.0,0.25675675675675674
2024-04-08,102.0,230.0,167.0,6988,199.0,0.7260869565217392,0.02847738981110475,1.6253737718923538,-32.0,-33258.0,False,39,Monday,False,2024-04,253.66666666666666,63.49060931558608,0.25029149533082556,231.14285714285714,-0.13906056860321384
2024-04-09,118.0,231.0,217.0,7043,130.0,0.9393939393939394,0.018458043447394577,1.6367586356723876,87.0,-33171.0,True,40,Tuesday,False,2024-04,251.13333333333333,66.88370418164268,0.2663274655494134,208.14285714285714,-0.37542896362388467
2024-04-10,117.0,244.0,142.0,6999,227.0,0.5819672131147541,0.03243320474353479,1.6634892485036576,-85.0,-33256.0,False,41,Wednesday,False,2024-04,250.13333333333333,67.01710195183767,0.2679255141997775,185.71428571428572,0.22230769230769226
2024-04-11,183.0,221.0,220.0,6912,285.0,0.995475113122172,0.04123263888888889,1.6899819494584838,-65.0,-33321.0,False,41,Thursday,False,2024-04,249.66666666666666,66.71314471797095,0.26720885734834826,193.57142857142858,0.4723247232472324
2024-04-14,128.0,245.0,243.0,6630,290.0,0.9918367346938776,0.043740573152337855,1.7173913043478262,-47.0,-33368.0,False,41,Sunday,True,2024-04,247.53333333333333,64.23917235120508,0.25951725970053224,215.42857142857142,0.34615384615384626
2024-04-15,144.0,303.0,176.0,6681,191.0,0.5808580858085809,0.028588534650501422,1.741220834315343,-15.0,-33383.0,False,41,Monday,False,2024-04,246.26666666666668,64.98749658698735,0.2638907549552816,233.57142857142858,-0.18226299694189607
2024-04-16,219.0,392.0,205.0,6685,163.0,0.5229591836734694,0.0243829468960359,1.7402751423149905,42.0,-33341.0,True,42,Tuesday,False,2024-04,244.56666666666666,66.50988173058276,0.2719499048545022,228.71428571428572,-0.28732042473454095
2024-04-17,182.0,371.0,274.0,6725,227.0,0.738544474393531,0.0337546468401487,1.7591170825335893,47.0,-33294.0,True,42,Wednesday,False,2024-04,244.4,66.54871174172175,0.2722942378957518,212.14285714285714,0.07003367003367006
2024-04-18,144.0,322.0,258.0,6728,260.0,0.8012422360248447,0.03864447086801427,1.7639796659404503,-2.0,-33296.0,False,43,Thursday,False,2024-04,242.9,65.63659093040658,0.27022062960233256,216.14285714285714,0.20290812954395243
2024-04-21,208.0,380.0,343.0,6745,240.0,0.9026315789473685,0.03558191252779837,1.7242709086526873,103.0,-33193.0,True,44,Sunday,True,2024-04,238.46666666666667,60.864311117567944,0.25523194485980405,234.71428571428572,0.022519780888618345
2024-04-22,176.0,424.0,251.0,6799,214.0,0.5919811320754716,0.031475216943668186,1.7156980950084397,37.0,-33156.0,True,44,Monday,False,2024-04,237.16666666666666,60.959615424014046,0.2570328127505863,236.57142857142858,-0.09541062801932372
2024-04-23,252.0,427.0,307.0,6967,134.0,0.7189695550351288,0.019233529496196354,1.6574793875147231,173.0,-32983.0,True,44,Tuesday,False,2024-04,234.53333333333333,63.68496457283846,0.27153907577958414,226.42857142857142,-0.4082018927444795
2024-04-24,253.0,411.0,307.0,7128,154.0,0.7469586374695864,0.021604938271604937,1.604200323101777,153.0,-32830.0,True,44,Wednesday,False,2024-04,231.7,65.34848229248362,0.28203919850014514,204.14285714285714,-0.24562631210636807
2024-04-25,145.0,357.0,333.0,7209,217.0,0.9327731092436975,0.03010126231100014,1.5904452690166977,116.0,-32714.0,True,44,Thursday,False,2024-04,228.6,63.690848148937725,0.2786126340723435,198.85714285714286,0.09123563218390802
2024-04-28,158.0,349.0,365.0,7298,250.0,1.0458452722063036,0.034255960537133465,1.557909279300023,115.0,-32599.0,True,44,Sunday,True,2024-04,225.53333333333333,60.159405108332926,0.26674285445610224,206.57142857142858,0.21023513139695704
2024-04-29,140.0,292.0,255.0,7373,187.0,0.8732876712328768,0.025362810253628104,1.5298165137614679,68.0,-32531.0,True,44,Monday,False,2024-04,222.33333333333334,59.547334595859716,0.26782909113580083,209.85714285714286,-0.10891763104152487
2024-04-30,220.0,443.0,194.0,7431,135.0,0.43792325056433407,0.018167137666532097,1.4746708324034814,59.0,-32472.0,True,44,Tuesday,False,2024-04,220.26666666666668,61.50073357192631,0.27921035217278894,199.42857142857142,-0.3230659025787965
2024-05-01,197.0,437.0,295.0,7508,190.0,0.6750572082379863,0.02530633990410229,1.432526705908001,105.0,-32367.0,True,44,Wednesday,False,2024-05,219.03333333333333,61.73161227461173,0.28183661059783166,184.42857142857142,0.030209140201394338
2024-05-02,206.0,411.0,293.0,7577,194.0,0.7128953771289538,0.02560380097663983,1.4009869126796826,99.0,-32268.0,True,44,Thursday,False,2024-05,217.66666666666666,61.819723073785646,0.28401097889947463,181.0,0.0718232044198895
2024-05-05,150.0,315.0,228.0,7447,332.0,0.7238095238095238,0.044581710756009134,1.3844676765521655,-104.0,-32372.0,False,45,Sunday,True,2024-05,216.3,58.638665600849755,0.27109877762759943,189.57142857142858,0.7513187641296155
2024-05-06,173.0,337.0,211.0,7449,205.0,0.6261127596439169,0.02752047254665056,1.3662299239222315,6.0,-32366.0,True,46,Monday,False,2024-05,215.5,58.62313889406731,0.2720331271186418,215.0,-0.046511627906976744
2024-05-07,176.0,334.0,246.0,7566,163.0,0.7365269461077845,0.02154374834787206,1.3598813810633341,83.0,-32283.0,True,46,Tuesday,False,2024-05,214.0,59.39232505856352,0.27753422924562393,213.28571428571428,-0.23576691225720023
2024-05-08,167.0,374.0,205.0,7583,202.0,0.5481283422459893,0.02663853356191481,1.3462912376549696,3.0,-32280.0,True,46,Wednesday,False,2024-05,213.56666666666666,59.43218873195961,0.2782840115434351,200.85714285714286,0.0056899004267425115
2024-05-09,138.0,285.0,268.0,7570,244.0,0.9403508771929825,0.03223249669749009,1.3283361486486487,24.0,-32256.0,True,46,Thursday,False,2024-05,209.7,53.0023747028181,0.25275333668487415,203.0,0.2019704433497537
2024-05-12,138.0,301.0,263.0,7464,245.0,0.8737541528239202,0.03282422293676313,1.3103375969804991,18.0,-32238.0,True,46,Sunday,True,2024-05,208.3,51.4212823241707,0.2468616530205026,218.57142857142858,0.1209150326797385
2024-05-13,112.0,331.0,167.0,7499,157.0,0.5045317220543807,0.02093612481664222,1.3063704945515506,10.0,-32228.0,True,46,Monday,False,2024-05,207.8,51.85749704719657,0.24955484623289972,226.42857142857142,-0.3066246056782334
2024-05-14,246.0,419.0,218.0,7546,186.0,0.5202863961813843,0.024648820567187913,1.2788285539963393,32.0,-32196.0,True,46,Tuesday,False,2024-05,209.6,50.04108656721583,0.2387456420191595,221.14285714285714,-0.15891472868217052
2024-05-15,115.0,285.0,341.0,7589,265.0,1.1964912280701754,0.03491896165502701,1.3019559902200488,76.0,-32120.0,True,46,Wednesday,False,2024-05,213.0,50.23050316566484,0.2358239585242481,200.28571428571428,0.32310984308131246
2024-05-16,206.0,340.0,214.0,7565,234.0,0.6294117647058823,0.030931923331130203,1.2749551703526598,-20.0,-32140.0,False,47,Thursday,False,2024-05,213.3,50.331418856792965,0.23596539548426143,208.85714285714286,0.1203830369357045
2024-05-19,143.0,295.0,278.0,7356,298.0,0.9423728813559322,0.04051114736269712,1.2693829113924051,-20.0,-32160.0,False,47,Sunday,True,2024-05,213.93333333333334,51.296926931773235,0.23977996384437472,219.0,0.3607305936073059
2024-05-20,111.0,268.0,217.0,7368,192.0,0.8097014925373134,0.026058631921824105,1.2657453109575518,25.0,-32135.0,True,48,Monday,False,2024-05,213.7,51.38304429847763,0.24044475572521118,232.71428571428572,-0.17495395948434625
2024-05-21,196.0,348.0,176.0,7404,145.0,0.5057471264367817,0.01958400864397623,1.2494652926307603,31.0,-32104.0,True,48,Tuesday,False,2024-05,214.2,50.60761834430428,0.23626339096313856,225.28571428571428,-0.3563728598604946
2024-05-22,168.0,349.0,272.0,7474,208.0,0.7793696275071633,0.02782981000802783,1.2335386984982672,64.0,-32040.0,True,48,Wednesday,False,2024-05,213.56666666666666,50.56077485584049,0.23674469262918912,211.0,-0.014218009478672985
2024-05-23,193.0,272.0,314.0,7494,227.0,1.1544117647058822,0.03029089938617561,1.2200230591852421,87.0,-31953.0,True,48,Thursday,False,2024-05,211.63333333333333,48.81385002253962,0.23065293757697095,218.28571428571428,0.03992146596858643
2024-05-27,156.0,344.0,252.0,7365,167.0,0.7325581395348837,0.02267481330617787,1.1899847094801224,85.0,-31868.0,True,48,Monday,False,2024-05,207.53333333333333,47.14155742846867,0.2271517383318439,224.14285714285714,-0.25493945188017847
2024-05-28,153.0,348.0,239.0,7418,151.0,0.6867816091954023,0.020355891075761662,1.1803091013165425,88.0,-31780.0,True,48,Tuesday,False,2024-05,206.2,48.17954924568349,0.23365445802950288,210.14285714285714,-0.2814411964649898
2024-05-29,182.0,462.0,158.0,7491,141.0,0.341991341991342,0.01882258710452543,1.1844734819369716,17.0,-31763.0,True,48,Wednesday,False,2024-05,205.46666666666667,49.01986461055131,0.2385781859695878,198.28571428571428,-0.28890489913544665
2024-05-30,167.0,406.0,339.0,7563,190.0,0.8349753694581281,0.025122305963242098,1.1807670071304683,149.0,-31614.0,True,48,Thursday,False,2024-05,204.23333333333332,48.924772184787244,0.2395533157407569,175.85714285714286,0.08042242079610071
2024-06-02,159.0,330.0,322.0,7546,306.0,0.9757575757575757,0.040551285449244634,1.1862029208301306,16.0,-31598.0,True,48,Sunday,True,2024-06,205.76666666666668,51.39145463202419,0.2497559758562653,175.57142857142858,0.742880390561432
2024-06-03,109.0,244.0,257.0,7596,224.0,1.0532786885245902,0.02948920484465508,1.2060724779627816,33.0,-31565.0,True,48,Monday,False,2024-06,205.23333333333332,51.1061662608834,0.2490149403648696,198.57142857142858,0.12805755395683446
2024-06-04,260.0,356.0,176.0,7565,203.0,0.4943820224719101,0.02683410442828817,1.184428598959337,-27.0,-31592.0,False,49,Tuesday,False,2024-06,204.86666666666667,51.08055391737394,0.24933560324133064,200.85714285714286,0.010668563300142228
2024-06-05,173.0,345.0,291.0,7691,198.0,0.8434782608695652,0.025744376544012484,1.2152641878669277,93.0,-31499.0,True,50,Wednesday,False,2024-06,207.0,49.325100276039784,0.23828550857990233,197.42857142857142,0.002894356005788774
2024-06-06,179.0,326.0,282.0,7741,238.0,0.8650306748466258,0.030745381733626148,1.249801429706116,44.0,-31455.0,True,50,Thursday,False,2024-06,209.8,48.591470799747974,0.23160853574713047,201.85714285714286,0.17905166312809623
2024-06-09,116.0,289.0,166.0,7451,312.0,0.5743944636678201,0.041873574016910484,1.2760135809866187,-146.0,-31601.0,False,51,Sunday,True,2024-06,212.96666666666667,52.04936869558745,0.24440148080570095,214.28571428571428,0.45600000000000007
2024-06-10,184.0,334.0,229.0,7439,212.0,0.6856287425149701,0.02849845409329211,1.2618716471289488,17.0,-31584.0,True,52,Monday,False,2024-06,211.7,51.57729385475078,0.24363388689065082,238.71428571428572,-0.11190903650508681
2024-06-11,186.0,352.0,224.0,7493,156.0,0.6363636363636364,0.020819431469371413,1.244339436897027,68.0,-31516.0,True,52,Tuesday,False,2024-06,210.66666666666666,52.393296052685685,0.24870235468047003,241.85714285714286,-0.35499113998818665
2024-06-12,152.0,266.0,274.0,7548,212.0,1.0300751879699248,0.028086910439851617,1.2765914987028537,62.0,-31454.0,True,52,Wednesday,False,2024-06,213.23333333333332,50.40708990453308,0.23639404363545294,220.42857142857142,-0.0382372002592352
2024-06-13,167.0,293.0,230.0,7544,259.0,0.7849829351535836,0.03433191940615058,1.2981329050391488,-29.0,-31483.0,False,53,Thursday,False,2024-06,215.53333333333333,50.88237506203919,0.2360765932355669,218.71428571428572,0.18419333768778573
2024-06-16,204.0,315.0,233.0,7307,294.0,0.7396825396825397,0.04023539072122622,1.318738702550713,-61.0,-31544.0,False,53,Sunday,True,2024-06,218.86666666666667,52.66729229949956,0.2406364253708478,226.71428571428572,0.2967863894139886
2024-06-17,159.0,310.0,272.0,7318,224.0,0.8774193548387097,0.030609456135556164,1.2947072975140337,48.0,-31496.0,True,54,Monday,False,2024-06,215.26666666666668,48.166330587858305,0.22375192282993947,240.42857142857142,-0.06833036244800945
2024-06-18,160.0,297.0,253.0,7340,214.0,0.8518518518518519,0.029155313351498638,1.2998994974874372,39.0,-31457.0,True,54,Tuesday,False,2024-06,215.56666666666666,48.12819328112942,0.22326361503539238,238.42857142857142,-0.10245656081485915
2024-06-19,204.0,321.0,246.0,7433,198.0,0.7663551401869159,0.026637965828064037,1.299620227863282,48.0,-31409.0,True,54,Wednesday,False,2024-06,216.73333333333332,47.22574789633109,0.21789794476929142,224.42857142857142,-0.11775938892425201
2024-06-20,145.0,247.0,243.0,7431,235.0,0.9838056680161943,0.03162427667877809,1.3119855450712707,8.0,-31401.0,True,54,Thursday,False,2024-06,217.83333333333334,47.25505507228896,0.2169321579447083,222.42857142857142,0.05651894669235716
2024-06-23,102.0,227.0,201.0,7247,294.0,0.8854625550660793,0.04056851110804471,1.3316481294236602,-93.0,-31494.0,False,55,Sunday,True,2024-06,219.5,49.05714472200627,0.22349496456494886,233.71428571428572,0.2579462102689486
2024-06-24,116.0,175.0,172.0,7239,202.0,0.9828571428571429,0.027904406686006356,1.3288645135080235,-30.0,-31524.0,False,55,Monday,False,2024-06,218.06666666666666,48.91437510542303,0.22430927134862286,245.42857142857142,-0.17694994179278226
2024-06-25,172.0,263.0,191.0,7239,202.0,0.7262357414448669,0.027904406686006356,1.321894441099739,-11.0,-31535.0,False,55,Tuesday,False,2024-06,219.56666666666666,47.650801153545345,0.21702201830975565,237.28571428571428,-0.14870559903672484
2024-06-26,132.0,235.0,197.0,7268,187.0,0.8382978723404255,0.02572922399559714,1.3530499075785583,10.0,-31525.0,True,56,Wednesday,False,2024-06,219.6,47.62685420410754,0.21688002825185582,224.14285714285714,-0.16571064372211597
2024-06-27,174.0,208.0,256.0,7248,268.0,1.2307692307692308,0.0369757174392936,1.3374594155844155,-12.0,-31537.0,False,57,Thursday,False,2024-06,219.7,47.72850662683248,0.2172439992118001,218.85714285714286,0.22454308093994776
2024-06-30,123.0,230.0,167.0,6874,273.0,0.7260869565217392,0.03971486761710794,1.368421052631579,-106.0,-31643.0,False,57,Sunday,True,2024-06,221.0,48.65359610340339,0.22015201856743613,226.57142857142858,0.20491803278688517
2024-07-01,123.0,233.0,159.0,6825,229.0,0.6824034334763949,0.03355311355311355,1.3597927461139896,-70.0,-31713.0,False,57,Monday,False,2024-07,218.7,46.469975475457915,0.2124827410857701,237.28571428571428,-0.03491872366044548
2024-07-02,141.0,232.0,188.0,6823,184.0,0.8103448275862069,0.026967609555913822,1.3497425334706488,4.0,-31709.0,True,58,Tuesday,False,2024-07,218.43333333333334,46.6510770347883,0.2135712362343429,236.42857142857142,-0.22175226586102714
2024-07-04,158.0,226.0,191.0,6790,225.0,0.8451327433628318,0.03313696612665685,1.376998131617189,-34.0,-31743.0,False,59,Thursday,False,2024-07,221.1,44.54780462101056,0.20148260796476963,220.71428571428572,0.019417475728155303
2024-07-07,96.0,160.0,233.0,6599,213.0,1.45625,0.032277617820881954,1.3989462592202317,20.0,-31723.0,True,60,Sunday,True,2024-07,221.26666666666668,44.50643760744903,0.20114388795171298,224.0,-0.049107142857142856
2024-07-08,141.0,173.0,129.0,6617,123.0,0.7456647398843931,0.018588484207344717,1.3922863839761346,6.0,-31717.0,True,60,Monday,False,2024-07,217.8,47.96075982257397,0.22020550882724502,225.57142857142858,-0.454718176060798
2024-07-09,116.0,181.0,182.0,6651,130.0,1.0055248618784531,0.019545932942414676,1.3963034601332474,52.0,-31665.0,True,60,Tuesday,False,2024-07,216.56666666666666,49.754350586645735,0.22974149878395753,216.42857142857142,-0.3993399339933993
2024-07-10,150.0,157.0,201.0,6649,177.0,1.2802547770700636,0.02662054444277335,1.4027956989247312,24.0,-31641.0,True,60,Wednesday,False,2024-07,217.43333333333334,48.78996740663222,0.2243904679133783,196.71428571428572,-0.10021786492374732
2024-07-11,80.0,176.0,125.0,6640,197.0,0.7102272727272727,0.02966867469879518,1.4465699208443272,-72.0,-31713.0,False,61,Thursday,False,2024-07,219.3,46.79533575342598,0.21338502395543082,183.0,0.07650273224043716
2024-07-14,116.0,188.0,164.0,6308,237.0,0.8723404255319149,0.037571337983512997,1.473426728930398,-73.0,-31786.0,False,61,Sunday,True,2024-07,220.86666666666667,46.56677321670569,0.21083658262921381,178.42857142857142,0.32826261008807056
2024-07-15,105.0,185.0,158.0,6283,171.0,0.8540540540540541,0.027216297946840683,1.4609498086878236,-13.0,-31799.0,False,61,Monday,False,2024-07,216.36666666666667,44.53474686310594,0.20582998088016916,186.0,-0.08064516129032258
2024-07-16,136.0,246.0,123.0,6239,173.0,0.5,0.02772880269273922,1.4407158836689038,-50.0,-31849.0,False,61,Tuesday,False,2024-07,214.66666666666666,45.201719019290124,0.21056701406501613,178.28571428571428,-0.029647435897435855
2024-07-17,128.0,228.0,177.0,6228,187.0,0.7763157894736842,0.030025690430314708,1.4808667588750577,-10.0,-31859.0,False,61,Wednesday,False,2024-07,214.13333333333333,45.437894965002265,0.21219440363481756,172.57142857142858,0.08360927152317874
2024-07-21,90.0,196.0,205.0,6058,262.0,1.0459183673469388,0.04324859689666557,1.5247943595769682,-57.0,-31916.0,False,61,Sunday,True,2024-07,216.26666666666668,46.151126061902474,0.21339916489782276,181.71428571428572,0.44182389937106914
2024-07-22,102.0,189.0,155.0,6002,234.0,0.8201058201058201,0.03898700433188937,1.5519387266634754,-79.0,-31995.0,False,61,Monday,False,2024-07,216.13333333333333,46.091912173570066,0.21325684225896083,200.57142857142858,0.1666666666666666
2024-07-23,120.0,257.0,126.0,5965,170.0,0.490272373540856,0.028499580888516344,1.5164992826398853,-44.0,-32039.0,False,61,Tuesday,False,2024-07,211.4,43.101804106572864,0.20388743664414788,208.71428571428572,-0.1854893908281999
2024-07-24,137.0,272.0,166.0,5927,177.0,0.6102941176470589,0.02986333727011979,1.5252720677146312,-11.0,-32050.0,False,61,Wednesday,False,2024-07,210.23333333333332,43.55629202207926,0.207180713597967,204.85714285714286,-0.13598326359832638
2024-07-25,93.0,198.0,208.0,5954,194.0,1.0505050505050506,0.03258313738663084,1.569767441860465,14.0,-32036.0,True,62,Thursday,False,2024-07,211.5,42.46357465421152,0.20077340262038543,196.28571428571428,-0.011644832605531254
2024-07-28,152.0,290.0,199.0,5743,207.0,0.6862068965517242,0.03604387950548494,1.5685304304799603,-8.0,-32044.0,False,63,Sunday,True,2024-07,211.33333333333334,42.47135613509445,0.20096856215344377,199.57142857142858,0.03722261989978519
2024-07-29,114.0,210.0,219.0,5819,163.0,1.042857142857143,0.028011685856676405,1.565304587615944,56.0,-31988.0,True,64,Monday,False,2024-07,208.13333333333333,42.37251332004596,0.20358350410015677,204.42857142857142,-0.20265548567435354
2024-07-30,125.0,203.0,208.0,5930,92.0,1.0246305418719213,0.01551433389544688,1.5452685421994885,116.0,-31872.0,True,64,Tuesday,False,2024-07,201.4,44.26456510729467,0.21978433519014234,201.0,-0.5422885572139303
2024-07-31,140.0,261.0,163.0,5963,154.0,0.6245210727969349,0.02582592654704008,1.5348239527113852,9.0,-31863.0,True,64,Wednesday,False,2024-07,199.06666666666666,44.87294963778734,0.22541669275512732,176.71428571428572,-0.1285367825383994
2024-08-01,227.0,298.0,212.0,6016,169.0,0.7114093959731543,0.028091755319148936,1.4974734714502274,43.0,-31820.0,True,64,Thursday,False,2024-08,197.56666666666666,45.10805672614585,0.2283181545106083,165.28571428571428,0.022471910112359602
2024-08-04,63.0,167.0,143.0,5943,170.0,0.8562874251497006,0.028605081608615177,1.5454545454545454,-27.0,-31847.0,False,65,Sunday,True,2024-08,196.63333333333333,45.38759008069639,0.2308234789660776,165.14285714285714,0.029411764705882377
2024-08-05,172.0,259.0,138.0,5950,150.0,0.5328185328185329,0.025210084033613446,1.512486992715921,-12.0,-31859.0,False,65,Monday,False,2024-08,193.8,45.56268890978286,0.23510159396172783,164.14285714285714,-0.08616187989556133
2024-08-06,163.0,283.0,200.0,5998,143.0,0.7067137809187279,0.023841280426808935,1.450192061459667,57.0,-31802.0,True,66,Tuesday,False,2024-08,188.76666666666668,42.33827919339027,0.22428895917388453,157.85714285714286,-0.09411764705882356
2024-08-07,135.0,273.0,207.0,6038,174.0,0.7582417582417582,0.028817489234845974,1.4360346585117227,33.0,-31769.0,True,66,Wednesday,False,2024-08,187.83333333333334,42.3451200895958,0.22543985850716486,148.71428571428572,0.17002881844380396
2024-08-08,119.0,230.0,213.0,6084,174.0,0.9260869565217391,0.028599605522682446,1.4484629294755877,39.0,-31730.0,True,66,Thursday,False,2024-08,186.9,42.33067690099631,0.22648837293202947,150.28571428571428,0.15779467680608372
2024-08-11,95.0,211.0,140.0,5894,249.0,0.6635071090047393,0.04224635222259925,1.4786124152321336,-109.0,-31839.0,False,67,Sunday,True,2024-08,188.96666666666667,43.822906412477636,0.23190813060051668,162.0,0.5370370370370371
2024-08-12,109.0,219.0,155.0,5903,148.0,0.7077625570776256,0.025071997289513807,1.472273812682409,7.0,-31832.0,True,68,Monday,False,2024-08,184.96666666666667,41.78968964851893,0.2259309225906592,175.57142857142858,-0.1570382424735558
2024-08-13,162.0,239.0,189.0,5981,123.0,0.7907949790794979,0.02056512288914897,1.4178046218487395,66.0,-31766.0,True,68,Tuesday,False,2024-08,179.96666666666667,39.82070448582136,0.2212671114233452,172.57142857142858,-0.2872516556291391
2024-08-14,109.0,226.0,191.0,5987,178.0,0.8451327433628318,0.029731084015366626,1.4095940959409594,13.0,-31753.0,True,68,Wednesday,False,2024-08,178.26666666666668,38.72888375336417,0.2172525266643465,165.85714285714286,0.07321274763135226
2024-08-15,124.0,241.0,156.0,5895,220.0,0.6473029045643154,0.037319762510602206,1.4254699496955257,-64.0,-31817.0,False,69,Thursday,False,2024-08,179.46666666666667,39.463412416315656,0.21989271405822244,169.85714285714286,0.29520605550883094
2024-08-18,86.0,244.0,235.0,5821,178.0,0.9631147540983607,0.030578938326747983,1.4404858299595142,57.0,-31760.0,True,70,Sunday,True,2024-08,177.9,38.51497693463996,0.21649790294907229,180.85714285714286,-0.015797788309636674
2024-08-19,176.0,254.0,162.0,5865,158.0,0.6377952755905512,0.026939471440750214,1.3955085865257595,4.0,-31756.0,True,70,Monday,False,2024-08,176.06666666666666,38.09329141167376,0.2163572022624409,181.42857142857142,-0.12913385826771648
2024-08-20,136.0,274.0,245.0,5995,112.0,0.8941605839416058,0.018682235195996665,1.3944444444444444,133.0,-31623.0,True,70,Tuesday,False,2024-08,175.7,38.670268361784075,0.22009259170053544,179.14285714285714,-0.3748006379585327
2024-08-21,134.0,245.0,167.0,6028,156.0,0.6816326530612244,0.025879230258792303,1.394681411269089,11.0,-31612.0,True,70,Wednesday,False,2024-08,176.56666666666666,37.89430248625148,0.21461753343166784,159.57142857142858,-0.02238137869292756
2024-08-22,182.0,307.0,205.0,6054,171.0,0.6677524429967426,0.028245787908820614,1.381462140992167,34.0,-31578.0,True,70,Thursday,False,2024-08,176.36666666666667,37.90776768123781,0.21493725768987604,160.71428571428572,0.06399999999999995
2024-08-27,149.0,285.0,222.0,6152,97.0,0.7789473684210526,0.015767230169050715,1.3313670171838934,125.0,-31453.0,True,70,Tuesday,False,2024-08,173.03333333333333,40.348895069547034,0.23318567753542882,167.57142857142858,-0.4211423699914749
2024-08-28,170.0,285.0,178.0,6227,134.0,0.624561403508772,0.021519190621487074,1.2871237035163168,44.0,-31409.0,True,70,Wednesday,False,2024-08,169.6,39.08046517917451,0.2304272711036233,156.0,-0.14102564102564102
2024-08-29,145.0,295.0,188.0,6250,169.0,0.6372881355932203,0.02704,1.2737290257951415,19.0,-31390.0,True,70,Thursday,False,2024-08,169.53333333333333,39.079700465916176,0.2305133727836188,143.71428571428572,0.1759443339960238
2024-09-02,133.0,270.0,198.0,6192,129.0,0.7333333333333333,0.020833333333333332,1.2636591478696741,69.0,-31321.0,True,70,Monday,False,2024-09,168.06666666666666,39.764768094497626,0.23660115883279031,142.42857142857142,-0.09428284854563683
2024-09-03,131.0,263.0,177.0,6272,112.0,0.6730038022813688,0.017857142857142856,1.2439268720260457,65.0,-31256.0,True,70,Tuesday,False,2024-09,165.56666666666666,40.87549078759075,0.24688236835669872,138.28571428571428,-0.19008264462809912
2024-09-04,121.0,231.0,219.0,6375,114.0,0.948051948051948,0.01788235294117647,1.1975646123260437,105.0,-31151.0,True,70,Wednesday,False,2024-09,160.63333333333333,37.63846467363517,0.23431291558602513,138.28571428571428,-0.17561983471074374
2024-09-05,126.0,230.0,175.0,6448,121.0,0.7608695652173914,0.018765508684863524,1.1625494071146245,54.0,-31097.0,True,70,Thursday,False,2024-09,156.86666666666667,35.64454142408496,0.22722827087176983,132.28571428571428,-0.08531317494600427
2024-09-08,123.0,255.0,164.0,6312,221.0,0.6431372549019608,0.03501267427122941,1.174277956060232,-57.0,-31154.0,False,71,Sunday,True,2024-09,158.56666666666666,37.46233357362546,0.23625604524043803,125.14285714285714,0.7659817351598174
2024-09-09,144.0,275.0,190.0,6353,141.0,0.6909090909090909,0.022194238942232016,1.1633809758501725,49.0,-31105.0,True,72,Monday,False,2024-09,157.36666666666667,37.42807662090327,0.23783992769055243,142.85714285714286,-0.013000000000000029
2024-09-10,131.0,251.0,180.0,6396,148.0,0.7171314741035857,0.023139462163852407,1.141357421875,32.0,-31073.0,True,72,Tuesday,False,2024-09,155.83333333333334,36.81274454478388,0.23623151579540458,143.85714285714286,0.028798411122144957
2024-09-11,93.0,248.0,175.0,6410,162.0,0.7056451612903226,0.02527301092043682,1.1468912558830815,13.0,-31060.0,True,72,Wednesday,False,2024-09,154.33333333333334,35.551161126906095,0.2303530958546831,140.85714285714286,0.15010141987829612
2024-09-12,184.0,280.0,210.0,6360,220.0,0.75,0.03459119496855346,1.1412223033844655,-10.0,-31070.0,False,73,Thursday,False,2024-09,156.23333333333332,37.50005363980805,0.24002594606235153,145.57142857142858,0.5112855740922472
2024-09-13,81.0,200.0,212.0,6326,279.0,1.06,0.0441036990199178,1.1996062023135614,-67.0,-31137.0,False,73,Friday,False,2024-09,162.46666666666667,41.75522542837831,0.25700795298550455,161.0,0.7329192546583851
2024-09-15,98.0,220.0,167.0,6234,210.0,0.759090909090909,0.03368623676612127,1.226063168366078,-43.0,-31180.0,False,73,Sunday,True,2024-09,164.33333333333334,42.60672873306881,0.25927015456228486,184.57142857142858,0.13777089783281726
2024-09-16,113.0,209.0,160.0,6229,164.0,0.7655502392344498,0.026328463637823086,1.2605579728692091,-4.0,-31184.0,False,73,Monday,False,2024-09,164.16666666666666,42.59762283583846,0.259477905599016,197.28571428571428,-0.168718320057929
2024-09-17,159.0,304.0,139.0,6227,160.0,0.45723684210526316,0.025694555965954713,1.2278291281538847,-21.0,-31205.0,False,73,Tuesday,False,2024-09,163.83333333333334,42.58952707053616,0.2599564215902512,189.14285714285714,-0.1540785498489426
2024-09-18,116.0,213.0,217.0,6245,149.0,1.0187793427230047,0.02385908726981585,1.2449961996453003,68.0,-31137.0,True,74,Wednesday,False,2024-09,163.8,42.601117032464906,0.2600800795632778,191.85714285714286,-0.2233804914370812
2024-09-19,93.0,196.0,169.0,6270,188.0,0.8622448979591837,0.029984051036682616,1.2790817642507093,-19.0,-31156.0,False,75,Thursday,False,2024-09,165.3,42.63570625984564,0.2579292574703305,192.0,-0.020833333333333332
2024-09-22,124.0,234.0,161.0,5989,197.0,0.688034188034188,0.032893638336951074,1.288670460424211,-36.0,-31192.0,False,75,Sunday,True,2024-09,166.06666666666666,43.00275318638534,0.2589487345627379,195.71428571428572,0.006569343065693389
2024-09-23,92.0,203.0,173.0,6002,165.0,0.8522167487684729,0.02749083638787071,1.2953894243292523,8.0,-31184.0,True,76,Monday,False,2024-09,165.76666666666668,42.976884992727655,0.2592613210902533,192.42857142857142,-0.14253897550111352
2024-09-24,186.0,259.0,172.0,6023,143.0,0.6640926640926641,0.023742321102440643,1.2384223918575064,29.0,-31155.0,True,76,Tuesday,False,2024-09,162.23333333333332,40.16318723900507,0.2475643347380629,176.14285714285714,-0.1881589618815896
2024-09-25,154.0,225.0,220.0,6050,169.0,0.9777777777777777,0.02793388429752066,1.229685534591195,51.0,-31104.0,True,76,Wednesday,False,2024-09,162.93333333333334,40.08949757844231,0.24604847122611892,166.57142857142858,0.014579759862778657
2024-09-26,91.0,199.0,172.0,6090,185.0,0.864321608040201,0.030377668308702793,1.2679303278688525,-13.0,-31117.0,False,77,Thursday,False,2024-09,165.0,39.55441472374366,0.23972372559844643,167.28571428571428,0.10589239965841167
2024-09-29,81.0,213.0,153.0,5925,177.0,0.7183098591549296,0.029873417721518986,1.2768317853457172,-24.0,-31141.0,False,77,Sunday,True,2024-09,164.96666666666667,39.54350143509177,0.23970600991164945,170.85714285714286,0.03595317725752506
2024-09-30,209.0,285.0,184.0,5967,138.0,0.6456140350877193,0.023127199597787834,1.2287301186569048,46.0,-31095.0,True,78,Monday,False,2024-09,162.23333333333332,38.42653836315067,0.2368596981496857,174.85714285714286,-0.21078431372549022
2024-10-01,184.0,314.0,217.0,6040,137.0,0.6910828025477707,0.022682119205298012,1.1889627987188962,80.0,-31015.0,True,78,Tuesday,False,2024-10,160.86666666666667,38.575258582576225,0.23979646860283604,167.71428571428572,-0.1831345826235094
2024-10-02,107.0,215.0,230.0,6091,173.0,1.069767441860465,0.028402561155803644,1.2132832080200502,57.0,-30958.0,True,78,Wednesday,False,2024-10,161.36666666666667,38.63398837126762,0.23941740366412487,159.14285714285714,0.08707360861759428
2024-10-03,101.0,162.0,178.0,6118,193.0,1.0987654320987654,0.03154625694671461,1.2445006321112515,-15.0,-30973.0,False,79,Thursday,False,2024-10,164.06666666666666,37.88815967658154,0.23093148929245147,160.28571428571428,0.20409982174688063
2024-10-07,99.0,190.0,176.0,5968,153.0,0.9263157894736842,0.025636729222520107,1.2548469387755101,23.0,-30950.0,True,80,Monday,False,2024-10,163.96666666666667,37.914134688732915,0.23123074622118062,167.42857142857142,-0.08617747440273031
2024-10-08,167.0,239.0,166.0,6013,123.0,0.694560669456067,0.02045567936138367,1.2473751600512164,43.0,-30907.0,True,80,Tuesday,False,2024-10,162.36666666666667,38.613454268877454,0.23781638843488473,165.14285714285714,-0.2551903114186851
2024-10-09,115.0,216.0,169.0,6047,137.0,0.7824074074074074,0.022655862411112948,1.268664427796435,32.0,-30875.0,True,80,Wednesday,False,2024-10,163.7,36.932510675928384,0.22561093876559796,156.28571428571428,-0.12340036563071294
2024-10-10,84.0,158.0,193.0,6075,159.0,1.2215189873417722,0.02617283950617284,1.3040951122853368,34.0,-30841.0,True,80,Thursday,False,2024-10,164.53333333333333,36.518992067267874,0.22195497609765727,150.57142857142858,0.05597722960151794
2024-10-13,130.0,227.0,192.0,5889,210.0,0.8458149779735683,0.03565970453387672,1.320159151193634,-18.0,-30859.0,False,81,Sunday,True,2024-10,165.9,37.447296297596424,0.2257220994430164,153.57142857142858,0.3674418604651162
2024-10-14,88.0,214.0,160.0,5935,106.0,0.7476635514018691,0.017860151642796966,1.3299328859060402,54.0,-30805.0,True,82,Monday,False,2024-10,165.13333333333333,38.45080451454912,0.23284701966824256,164.0,-0.35365853658536583
2024-10-15,113.0,208.0,159.0,6013,107.0,0.7644230769230769,0.017794777981041076,1.33504181278662,52.0,-30753.0,True,82,Tuesday,False,2024-10,164.96666666666667,38.69908965634546,0.23458732869071805,154.42857142857142,-0.30712303422756704
2024-10-16,174.0,285.0,150.0,6036,129.0,0.5263157894736842,0.021371769383697812,1.3202127659574467,21.0,-30732.0,True,82,Wednesday,False,2024-10,165.46666666666667,38.110305722977735,0.2303201393411225,142.14285714285714,-0.09246231155778892
2024-10-17,104.0,230.0,206.0,6076,160.0,0.8956521739130435,0.026333113890717578,1.3384162653825575,46.0,-30686.0,True,82,Thursday,False,2024-10,166.76666666666668,37.195368022091536,0.2230383851014883,138.71428571428572,0.1534500514933058
2024-10-20,147.0,276.0,214.0,5918,195.0,0.7753623188405797,0.03295032105441027,1.3229665071770336,19.0,-30667.0,True,82,Sunday,True,2024-10,165.9,36.177102684165696,0.2180657184096787,144.0,0.3541666666666667
2024-10-21,108.0,220.0,213.0,5966,154.0,0.9681818181818181,0.025812939993295342,1.3392377885131508,59.0,-30608.0,True,82,Monday,False,2024-10,166.33333333333334,35.94568060314017,0.21610629621126354,152.28571428571428,0.011257035647279603
2024-10-22,180.0,280.0,146.0,6043,109.0,0.5214285714285715,0.018037398643058082,1.311523178807947,37.0,-30571.0,True,82,Tuesday,False,2024-10,165.03333333333333,37.31088713566796,0.2260809157887374,151.57142857142858,-0.2808671065032988
2024-10-23,134.0,294.0,186.0,6077,138.0,0.6326530612244898,0.022708573309198617,1.2911425576519917,48.0,-30523.0,True,82,Wednesday,False,2024-10,164.23333333333332,37.63406686109973,0.22914999103571992,137.14285714285714,0.00625000000000003
2024-10-27,202.0,313.0,158.0,5974,192.0,0.5047923322683706,0.03213927017073987,1.2777777777777777,-34.0,-30557.0,False,83,Sunday,True,2024-10,163.3,36.53449008152734,0.22372620992974485,141.71428571428572,0.35483870967741926
2024-10-28,110.0,272.0,193.0,6008,156.0,0.7095588235294118,0.02596537949400799,1.2363448097333678,37.0,-30520.0,True,84,Monday,False,2024-10,159.2,29.285043846704845,0.18395128044412593,153.85714285714286,0.013927576601671283
2024-10-29,166.0,277.0,229.0,6106,126.0,0.8267148014440433,0.020635440550278415,1.1935894174510302,103.0,-30417.0,True,84,Tuesday,False,2024-10,156.4,28.258169401626333,0.18067883249121697,157.71428571428572,-0.20108695652173916
2024-10-30,136.0,276.0,178.0,6149,160.0,0.644927536231884,0.026020491136770206,1.1856348002023267,18.0,-30399.0,True,84,Wednesday,False,2024-10,156.26666666666668,28.23049626804683,0.1806559061521768,152.85714285714286,0.04672897196261679
2024-10-31,87.0,246.0,173.0,6148,177.0,0.7032520325203252,0.028789850357839947,1.212004121586811,-4.0,-30403.0,False,85,Thursday,False,2024-10,156.83333333333334,28.477557205065754,0.18157847314600906,147.85714285714286,0.19710144927536227
2024-11-03,84.0,171.0,157.0,5990,184.0,0.9181286549707602,0.030717863105175294,1.2311688311688311,-27.0,-30430.0,False,85,Sunday,True,2024-11,158.0,28.85994718851915,0.18265789359822246,151.14285714285714,0.2173913043478261
2024-11-04,167.0,209.0,157.0,6007,132.0,0.7511961722488039,0.021974363242883304,1.1936799184505607,25.0,-30405.0,True,86,Monday,False,2024-11,156.13333333333333,28.66300431029396,0.183580300877203,161.85714285714286,-0.18446601941747576
2024-11-05,109.0,245.0,159.0,6045,126.0,0.6489795918367347,0.020843672456575684,1.1800972115630597,33.0,-30372.0,True,86,Tuesday,False,2024-11,153.76666666666668,28.097960821006676,0.1827311564340343,161.0,-0.21739130434782608
2024-11-06,156.0,256.0,176.0,6086,137.0,0.6875,0.022510680249753532,1.1540397684369494,39.0,-30333.0,True,86,Wednesday,False,2024-11,152.83333333333334,28.1768838165112,0.18436347099134917,151.57142857142858,-0.09613572101790771
2024-11-07,125.0,232.0,192.0,6084,177.0,0.8275862068965517,0.029092702169625246,1.1807259713701432,15.0,-30318.0,True,86,Thursday,False,2024-11,153.96666666666667,28.45017827146495,0.18478141332408496,148.85714285714286,0.18905950095969287
2024-11-11,118.0,139.0,168.0,5963,145.0,1.20863309352518,0.024316619151433842,1.185500515995872,23.0,-30295.0,True,86,Monday,False,2024-11,153.16666666666666,28.35013024762755,0.1850933422043148,156.14285714285714,-0.07136322049405304
2024-11-12,142.0,235.0,139.0,5975,138.0,0.5914893617021276,0.02309623430962343,1.1581359816653933,1.0,-30294.0,True,86,Tuesday,False,2024-11,151.6,27.824077888490795,0.18353613382909495,154.0,-0.1038961038961039
2024-11-13,148.0,245.0,175.0,5966,151.0,0.7142857142857143,0.02531009051290647,1.1321982974461693,24.0,-30270.0,True,86,Wednesday,False,2024-11,150.73333333333332,27.40744088914411,0.18182733893726744,148.42857142857142,0.01732435033686245
2024-11-14,119.0,219.0,210.0,6025,172.0,0.958904109589041,0.028547717842323652,1.1670081967213115,38.0,-30232.0,True,86,Thursday,False,2024-11,151.86666666666667,27.565262163833925,0.18150962794447273,143.71428571428572,0.19681908548707747
2024-11-17,105.0,210.0,149.0,5816,195.0,0.7095238095238096,0.03352819807427786,1.2062745098039216,-46.0,-30278.0,False,87,Sunday,True,2024-11,153.8,28.504567087180284,0.18533528665266763,149.42857142857142,0.3049713193116636
2024-11-18,143.0,203.0,163.0,5819,138.0,0.8029556650246306,0.023715415019762844,1.185962185962186,25.0,-30253.0,True,88,Monday,False,2024-11,152.63333333333333,28.407725191832725,0.1861174395621275,159.28571428571428,-0.13363228699551566
2024-11-19,119.0,209.0,152.0,5844,146.0,0.7272727272727273,0.024982888432580425,1.1683423562773911,6.0,-30247.0,True,88,Tuesday,False,2024-11,151.06666666666666,27.382266263899727,0.1812594854185772,159.42857142857142,-0.08422939068100352
2024-11-20,155.0,212.0,181.0,5879,148.0,0.8537735849056604,0.025174349379146112,1.1504447268106734,33.0,-30214.0,True,88,Wednesday,False,2024-11,150.9,27.385309427022506,0.18147985041101727,155.0,-0.04516129032258064
2024-11-21,109.0,214.0,173.0,5850,210.0,0.8084112149532711,0.035897435897435895,1.1900954346143926,-37.0,-30251.0,False,89,Thursday,False,2024-11,153.8,28.893860462281054,0.18786645294070906,155.42857142857142,0.3511029411764707
2024-11-24,191.0,283.0,192.0,5664,207.0,0.6784452296819788,0.036546610169491525,1.1849228434100683,-15.0,-30266.0,False,89,Sunday,True,2024-11,156.13333333333333,30.283412249468192,0.19395866086337443,165.71428571428572,0.2491379310344827
2024-11-25,170.0,297.0,196.0,5715,129.0,0.6599326599326599,0.02257217847769029,1.1522654122307503,67.0,-30199.0,True,90,Monday,False,2024-11,155.13333333333333,30.678233700597584,0.19775397744261444,173.71428571428572,-0.25740131578947373
2024-11-26,152.0,272.0,214.0,5826,112.0,0.7867647058823529,0.01922416752488843,1.121891159812854,102.0,-30097.0,True,90,Tuesday,False,2024-11,151.86666666666667,29.84064958770279,0.19649242485317903,167.57142857142858,-0.3316283034953112
2024-11-27,239.0,367.0,224.0,5862,211.0,0.6103542234332425,0.03599454111224838,1.1066001899335232,13.0,-30084.0,True,90,Wednesday,False,2024-11,155.36666666666667,30.427396155135995,0.19584249831668737,155.71428571428572,0.35504587155963296
2024-11-28,113.0,280.0,237.0,5963,143.0,0.8464285714285714,0.02398121750796579,1.115147198480532,94.0,-29990.0,True,90,Thursday,False,2024-11,156.56666666666666,29.136638072380546,0.18609732641503435,166.14285714285714,-0.13929492691315562
2024-12-01,196.0,306.0,187.0,5986,149.0,0.6111111111111112,0.02489141329769462,1.1140765233821446,38.0,-29952.0,True,90,Sunday,True,2024-12,157.23333333333332,28.709824502920284,0.18259375346355916,165.71428571428572,-0.10086206896551729
2024-12-02,236.0,330.0,222.0,6061,115.0,0.6727272727272727,0.018973766705164163,1.0700870361887311,107.0,-29845.0,True,90,Monday,False,2024-12,155.73333333333332,29.718139512626458,0.19082709447320073,165.85714285714286,-0.3066322136089578
2024-12-03,81.0,230.0,242.0,6192,107.0,1.0521739130434782,0.01728036175710594,1.066046511627907,135.0,-29710.0,True,90,Tuesday,False,2024-12,152.8,30.049843650978467,0.19666128043834075,152.28571428571428,-0.29737335834896805
2024-12-04,118.0,245.0,160.0,6269,115.0,0.6530612244897959,0.01834423353006859,1.054524361948956,45.0,-29665.0,True,90,Wednesday,False,2024-12,151.5,30.82962077680091,0.20349584671155715,138.0,-0.16666666666666666
2024-12-05,218.0,283.0,208.0,6310,150.0,0.734982332155477,0.02377179080824089,1.0547378104875804,58.0,-29607.0,True,90,Thursday,False,2024-12,152.86666666666667,29.771235056369168,0.1947529550133177,136.0,0.10294117647058823
2024-12-08,132.0,243.0,183.0,6286,172.0,0.7530864197530864,0.02736239261851734,1.063046479521399,11.0,-29596.0,True,90,Sunday,True,2024-12,154.0,29.832867780352185,0.19371992065163757,141.42857142857142,0.21616161616161628
2024-12-09,224.0,315.0,152.0,6268,174.0,0.48253968253968255,0.027760051052967454,1.0535714285714286,-22.0,-29618.0,False,91,Monday,False,2024-12,153.4,29.21690582876414,0.19046222834917953,135.85714285714286,0.2807570977917981
2024-12-10,167.0,326.0,213.0,6310,149.0,0.6533742331288344,0.023613312202852614,1.038418079096045,64.0,-29554.0,True,92,Tuesday,False,2024-12,153.16666666666666,29.223376723548085,0.19079462496331723,140.28571428571428,0.06211812627291249
2024-12-11,209.0,353.0,232.0,6402,152.0,0.6572237960339944,0.023742580443611373,1.034243509400179,80.0,-29474.0,True,92,Wednesday,False,2024-12,154.03333333333333,28.77197311241592,0.18679056337859287,140.28571428571428,0.08350305498981676
2024-12-12,153.0,253.0,286.0,6481,194.0,1.1304347826086956,0.02993365221416448,1.0379041248606466,92.0,-29382.0,True,92,Thursday,False,2024-12,155.16666666666666,29.67070229557466,0.1912182747298045,145.57142857142858,0.3326790971540725
2024-12-15,180.0,337.0,219.0,6408,224.0,0.6498516320474778,0.03495630461922597,1.0270860637833115,-5.0,-29387.0,False,93,Sunday,True,2024-12,156.73333333333332,32.011779441144505,0.2042435949030913,158.0,0.4177215189873418
2024-12-16,133.0,287.0,189.0,6454,149.0,0.6585365853658537,0.0230864580105361,1.0086449103090556,40.0,-29347.0,True,94,Monday,False,2024-12,155.56666666666666,31.61915976694814,0.20325150910830175,173.57142857142858,-0.14156378600823052
2024-12-17,187.0,310.0,247.0,6506,151.0,0.7967741935483871,0.02320934521979711,1.0083925112976113,96.0,-29251.0,True,94,Tuesday,False,2024-12,156.2,31.319708458588984,0.20051029743014717,173.42857142857142,-0.12932454695222398
2024-12-18,168.0,285.0,210.0,6598,134.0,0.7368421052631579,0.020309184601394362,0.9974500637484063,76.0,-29175.0,True,94,Wednesday,False,2024-12,156.46666666666667,31.086900815276305,0.19868066136733897,170.42857142857142,-0.21374685666387253
2024-12-19,269.0,412.0,204.0,6600,238.0,0.49514563106796117,0.036060606060606064,0.9950197136335339,-34.0,-29209.0,False,95,Thursday,False,2024-12,159.83333333333334,34.21744194607934,0.2140820142611846,164.71428571428572,0.44492627927146566
2024-12-22,100.0,255.0,236.0,6595,268.0,0.9254901960784314,0.04063684609552692,1.0191906549853984,-32.0,-29241.0,False,95,Sunday,True,2024-12,162.86666666666667,39.42844530095692,0.24209033136076702,177.42857142857142,0.5104669887278585
2024-12-23,205.0,294.0,177.0,6548,231.0,0.6020408163265306,0.03527794746487477,1.0186437205490677,-54.0,-29295.0,False,95,Monday,False,2024-12,165.73333333333332,41.17241571843862,0.24842567810803676,194.0,0.19072164948453607
2024-12-24,161.0,304.0,211.0,6622,155.0,0.694078947368421,0.023406825732407127,1.0181632653061226,56.0,-29239.0,True,96,Tuesday,False,2024-12,166.3,40.89359615999221,0.2459025625976681,199.28571428571428,-0.22222222222222218
2024-12-25,57.0,162.0,193.0,6689,107.0,1.191358024691358,0.015996412019733893,1.0282803077562903,86.0,-29153.0,True,96,Wednesday,False,2024-12,164.83333333333334,42.22851082428504,0.2561891455467242,189.42857142857142,-0.4351432880844645
2024-12-26,80.0,122.0,152.0,6707,135.0,1.2459016393442623,0.020128224243327865,1.0289308176100629,17.0,-29136.0,True,96,Thursday,False,2024-12,163.6,42.55106465704769,0.2600920822557927,183.42857142857142,-0.264018691588785
2024-12-29,107.0,170.0,133.0,6465,216.0,0.7823529411764706,0.03341067285382831,1.0329002514668901,-83.0,-29219.0,False,97,Sunday,True,2024-12,164.3,43.252386818731964,0.26325250650475934,181.14285714285714,0.19242902208201895
2024-12-30,99.0,156.0,139.0,6454,177.0,0.8910256410256411,0.02742485280446235,1.0507614213197969,-38.0,-29257.0,False,97,Monday,False,2024-12,165.6,43.0201235991104,0.25978335506709177,192.85714285714286,-0.08222222222222224
2025-01-01,25.0,66.0,94.0,6405,144.0,1.4242424242424243,0.022482435597189696,1.0716443677168752,-50.0,-29307.0,False,97,Wednesday,False,2025-01,165.53333333333333,43.053081377433735,0.26008708041139994,184.14285714285714,-0.21799844840961985
2025-01-02,35.0,70.0,53.0,6292,170.0,0.7571428571428571,0.0270184361093452,1.1050066459902526,-117.0,-29424.0,False,97,Thursday,False,2025-01,166.26666666666668,42.931327146673326,0.25820766126708095,166.42857142857142,0.021459227467811235
2025-01-05,43.0,73.0,64.0,5882,185.0,0.8767123287671232,0.031451887113226794,1.1157823741007193,-121.0,-29545.0,False,97,Sunday,True,2025-01,165.43333333333334,42.29101423538396,0.25563780517056595,157.71428571428572,0.17300724637681153
2025-01-06,41.0,60.0,71.0,5769,190.0,1.1833333333333333,0.03293465071936211,1.1507677989762681,-119.0,-29664.0,False,97,Monday,False,2025-01,164.86666666666667,41.82618659473331,0.25369704768338036,162.0,0.1728395061728395
2025-01-07,65.0,83.0,65.0,5703,133.0,0.7831325301204819,0.02332105909170612,1.1805389935606965,-68.0,-29732.0,False,97,Tuesday,False,2025-01,165.0,41.71413388190169,0.252812932617586,173.85714285714286,-0.2350041084634347
2025-01-08,38.0,80.0,82.0,5605,184.0,1.025,0.03282783229259589,1.231184113753371,-102.0,-29834.0,False,97,Wednesday,False,2025-01,167.4,40.61645666135976,0.2426311628516115,173.57142857142858,0.0600823045267489
2025-01-09,56.0,82.0,68.0,5507,164.0,0.8292682926829268,0.02978027964408934,1.2769507186858315,-96.0,-29930.0,False,97,Thursday,False,2025-01,165.83333333333334,39.774435849253905,0.23984584431710895,169.0,-0.029585798816568046
2025-01-12,74.0,103.0,80.0,5092,235.0,0.7766990291262136,0.04615082482325216,1.313715322789733,-155.0,-30085.0,False,97,Sunday,True,2025-01,168.9,41.464026785170745,0.24549453395601387,167.14285714285714,0.40598290598290604
2025-01-13,68.0,107.0,102.0,5019,181.0,0.9532710280373832,0.03606296074915322,1.3673907213730223,-79.0,-30164.0,False,97,Monday,False,2025-01,169.96666666666667,41.34587777754126,0.2432587435430943,180.14285714285714,0.004758128469468699
2025-01-14,92.0,124.0,93.0,4957,139.0,0.75,0.0280411539237442,1.4290097629009764,-46.0,-30210.0,False,97,Tuesday,False,2025-01,170.76666666666668,40.46853467634519,0.23698146404262263,181.71428571428572,-0.23506289308176104
2025-01-15,113.0,162.0,107.0,4903,164.0,0.6604938271604939,0.033448908831327756,1.4321260713298314,-57.0,-30267.0,False,97,Wednesday,False,2025-01,172.66666666666666,38.66954012311644,0.22395486557789446,175.14285714285714,-0.06362153344208807
2025-01-16,106.0,196.0,131.0,4881,159.0,0.6683673469387755,0.032575291948371235,1.4490984743411928,-28.0,-30295.0,False,97,Thursday,False,2025-01,174.13333333333333,37.21395115974007,0.21370952044261143,171.42857142857142,-0.07249999999999994
2025-01-19,86.0,152.0,168.0,4628,176.0,1.105263157894737,0.03802938634399308,1.5116613878491219,-8.0,-30303.0,False,97,Sunday,True,2025-01,175.0,36.934237924105894,0.21105278813774797,175.14285714285714,0.004893964110929876
2025-01-20,84.0,118.0,136.0,4638,127.0,1.152542372881356,0.02738249245364381,1.5197080291970804,9.0,-30294.0,True,98,Monday,False,2025-01,173.5,37.95982449725035,0.2187886138170049,174.0,-0.27011494252873564
2025-01-21,59.0,64.0,117.0,4728,54.0,1.828125,0.011421319796954314,1.5598159509202454,63.0,-30231.0,True,98,Tuesday,False,2025-01,169.5,43.78139267802664,0.2582973019352604,168.71428571428572,-0.6799322607959357
2025-01-22,62.0,97.0,52.0,4717,83.0,0.5360824742268041,0.017595929616281536,1.5908082408874802,-31.0,-30262.0,False,99,Wednesday,False,2025-01,167.3,46.42543149670394,0.27749809621460814,142.85714285714286,-0.41900000000000004
2025-01-23,91.0,75.0,97.0,4621,174.0,1.2933333333333332,0.03765418740532352,1.6598617056305565,-77.0,-30339.0,False,99,Thursday,False,2025-01,168.03333333333333,46.34911250374742,0.2758328456878442,128.85714285714286,0.3503325942350332
2025-01-26,29.0,51.0,11.0,4241,182.0,0.21568627450980393,0.042914406979485974,1.7263989014761414,-171.0,-30510.0,False,99,Sunday,True,2025-01,167.63333333333333,46.168718573430446,0.27541490499163124,133.85714285714286,0.35965848452508
2025-01-27,33.0,53.0,34.0,4161,127.0,0.6415094339622641,0.030521509252583512,1.7830802603036877,-93.0,-30603.0,False,99,Monday,False,2025-01,164.4,45.476481227416485,0.27662093204024624,136.42857142857142,-0.06910994764397897
2025-01-28,32.0,49.0,39.0,4096,101.0,0.7959183673469388,0.024658203125,1.8326454033771107,-62.0,-30665.0,False,99,Tuesday,False,2025-01,162.8,46.86032069002933,0.28783980767831285,131.85714285714286,-0.23401950162513546
2025-01-29,32.0,50.0,39.0,4036,99.0,0.78,0.024529236868186324,1.9250996015936255,-60.0,-30725.0,False,99,Wednesday,False,2025-01,161.06666666666666,48.25287794406707,0.29958326538121116,121.14285714285714,-0.1827830188679245
2025-01-30,47.0,42.0,47.0,3923,159.0,1.119047619047619,0.04053020647463676,2.03306822938468,-112.0,-30837.0,False,99,Thursday,False,2025-01,161.9,47.98444431846326,0.2963832261795136,117.14285714285714,0.35731707317073175
2025-02-02,20.0,22.0,41.0,3483,168.0,1.8636363636363635,0.04823428079242033,2.236915887850467,-127.0,-30964.0,False,99,Sunday,True,2025-02,159.56666666666666,45.80896112705686,0.28708352492410816,132.14285714285714,0.2713513513513514
2025-02-03,23.0,45.0,11.0,3403,102.0,0.24444444444444444,0.02997355274757567,2.239941832283083,-91.0,-31055.0,False,99,Monday,False,2025-02,154.03333333333333,42.13810081422585,0.2735648180971165,144.28571428571428,-0.29306930693069305
2025-02-04,34.0,54.0,29.0,3359,74.0,0.5370370370370371,0.022030366180410838,2.3594080338266386,-45.0,-31100.0,False,99,Tuesday,False,2025-02,148.8,41.99868635055612,0.2822492362268556,134.0,-0.44776119402985076
2025-02-05,26.0,36.0,36.0,3290,104.0,1.0,0.031610942249240125,2.5116676152532724,-68.0,-31168.0,False,99,Wednesday,False,2025-02,147.1,42.76426964909683,0.29071563323655225,118.57142857142857,-0.12289156626506023
2025-02-06,25.0,32.0,27.0,3181,145.0,0.84375,0.045583149952845015,2.5802898550724636,-118.0,-31286.0,False,99,Thursday,False,2025-02,148.36666666666667,42.09306874987359,0.28370974219191364,115.28571428571429,0.25774473358116473
2025-02-09,15.0,13.0,23.0,2878,99.0,1.7692307692307692,0.03439888811674774,2.6596385542168677,-76.0,-31362.0,False,99,Sunday,True,2025-02,147.16666666666666,42.9908437190774,0.2921235133799144,121.57142857142857,-0.18566392479435956
2025-02-10,16.0,18.0,15.0,2834,63.0,0.8333333333333334,0.022230063514467185,2.7163798597833013,-48.0,-31410.0,False,99,Monday,False,2025-02,142.06666666666666,43.614244219641705,0.3069984342067694,121.57142857142857,-0.481786133960047
2025-02-11,11.0,22.0,12.0,2799,50.0,0.5454545454545454,0.01786352268667381,2.7920324105334235,-38.0,-31448.0,False,99,Tuesday,False,2025-02,137.83333333333334,46.19380711839986,0.3351424942084633,107.85714285714286,-0.5364238410596026
2025-02-12,16.0,20.0,20.0,2752,66.0,1.0,0.023982558139534885,2.7561141304347827,-46.0,-31494.0,False,99,Wednesday,False,2025-02,135.23333333333332,47.994743486123824,0.3549032054680096,91.0,-0.27472527472527475
2025-02-13,15.0,10.0,23.0,2703,72.0,2.3,0.026637069922308545,2.7265840220385673,-49.0,-31543.0,False,99,Thursday,False,2025-02,131.96666666666667,48.87385827810692,0.3703500248404162,85.85714285714286,-0.1613976705490849
2025-02-17,8.0,17.0,14.0,2532,15.0,0.8235294117647058,0.005924170616113744,2.673959068454481,-1.0,-31544.0,False,99,Monday,False,2025-02,126.3,52.251480757766906,0.4137092696576952,85.57142857142857,-0.8247078464106845
2025-02-18,18.0,19.0,11.0,2536,9.0,0.5789473684210527,0.003548895899053628,2.588235294117647,2.0,-31542.0,True,100,Tuesday,False,2025-02,120.26666666666667,55.01907715124534,0.45747569693385814,72.85714285714286,-0.8764705882352941
2025-02-19,12.0,17.0,17.0,2528,19.0,1.0,0.007515822784810127,2.6055182699478,-2.0,-31544.0,False,101,Wednesday,False,2025-02,116.46666666666667,57.96713297849998,0.49771436444046924,53.42857142857143,-0.6443850267379679
2025-02-20,13.0,25.0,15.0,2520,32.0,0.6,0.012698412698412698,2.5395136778115504,-17.0,-31561.0,False,101,Thursday,False,2025-02,111.4,58.50116414992547,0.5251451000890975,42.0,-0.23809523809523808
2025-02-23,7.0,16.0,8.0,2423,35.0,0.5,0.014444903012794058,2.5359116022099446,-27.0,-31588.0,False,101,Sunday,True,2025-02,107.1,59.23788978522842,0.5531082146146444,37.57142857142857,-0.06844106463878322
2025-02-24,20.0,22.0,14.0,2413,24.0,0.6363636363636364,0.009946125155408206,2.474855729596043,-10.0,-31598.0,False,101,Monday,False,2025-02,100.06666666666666,55.964233241408955,0.5592694860900296,35.42857142857143,-0.32258064516129037
2025-02-25,11.0,7.0,7.0,2413,23.0,1.0,0.009531703273932863,2.4602076124567476,-16.0,-31614.0,False,101,Tuesday,False,2025-02,94.8,55.51787534442031,0.5856315964601299,29.428571428571427,-0.21844660194174753
2025-02-26,12.0,21.0,1.0,2411,23.0,0.047619047619047616,0.00953961012028204,2.5353159851301115,-22.0,-31636.0,False,101,Wednesday,False,2025-02,90.93333333333334,56.36637132273042,0.6198647872734284,22.428571428571427,0.025477707006369497
2025-02-27,10.0,15.0,17.0,2391,37.0,1.1333333333333333,0.01547469677959013,2.6731757451181912,-20.0,-31656.0,False,101,Thursday,False,2025-02,86.7,55.45122118614211,0.6395757922277059,23.571428571428573,0.5696969696969696
2025-03-02,12.0,24.0,4.0,2297,31.0,0.16666666666666666,0.013495864170657379,2.813424345847554,-27.0,-31683.0,False,101,Sunday,True,2025-03,82.43333333333334,54.61443748322569,0.662528558227566,27.571428571428573,0.12435233160621756
2025-03-03,8.0,29.0,18.0,2287,25.0,0.6206896551724138,0.010931351114997814,2.898876404494382,-7.0,-31690.0,False,101,Monday,False,2025-03,77.4,52.61545596967229,0.6797862528381432,29.285714285714285,-0.1463414634146341
2025-03-04,4.0,25.0,10.0,2272,30.0,0.4,0.013204225352112676,3.085991678224688,-20.0,-31710.0,False,101,Tuesday,False,2025-03,74.16666666666667,52.44246984723482,0.7070894810863121,28.285714285714285,0.06060606060606064
2025-03-05,5.0,20.0,4.0,2238,40.0,0.2,0.017873100983020553,3.314842578710645,-36.0,-31746.0,False,101,Wednesday,False,2025-03,73.7,52.68982104144293,0.7149229449313831,27.571428571428573,0.4507772020725388
2025-03-06,7.0,27.0,6.0,2218,33.0,0.2222222222222222,0.014878268710550046,3.531045751633987,-27.0,-31773.0,False,101,Thursday,False,2025-03,72.03333333333333,53.174068954664115,0.7381869822489234,29.857142857142858,0.10526315789473682
2025-03-09,12.0,25.0,15.0,2137,30.0,0.6,0.014038371548900327,3.7842401500938085,-15.0,-31788.0,False,101,Sunday,True,2025-03,67.23333333333333,50.06043474078859,0.7445776114148029,31.285714285714285,-0.041095890410958874
2025-03-10,6.0,28.0,8.0,2125,23.0,0.2857142857142857,0.010823529411764706,3.6431372549019607,-15.0,-31803.0,False,101,Monday,False,2025-03,61.93333333333333,45.71948451555187,0.7382048091854446,32.285714285714285,-0.28761061946902655
2025-03-11,3.0,11.0,7.0,2116,20.0,0.6363636363636364,0.00945179584120983,3.6479166666666667,-13.0,-31816.0,False,101,Tuesday,False,2025-03,58.36666666666667,44.62911013301004,0.7646335259796123,30.285714285714285,-0.33962264150943394
2025-03-12,6.0,18.0,2.0,2113,8.0,0.1111111111111111,0.003786086133459536,3.6519823788546257,-6.0,-31822.0,False,101,Wednesday,False,2025-03,55.266666666666666,44.79526863357328,0.8105295892685154,28.714285714285715,-0.7213930348258707
2025-03-13,4.0,20.0,9.0,2116,6.0,0.45,0.002835538752362949,3.6737089201877935,3.0,-31819.0,True,102,Thursday,False,2025-03,52.166666666666664,44.88228537218059,0.8603632978692766,26.285714285714285,-0.7717391304347826
2025-03-16,1.0,9.0,8.0,2117,5.0,0.8888888888888888,0.0023618327822390174,3.713157894736842,3.0,-31816.0,True,102,Sunday,True,2025-03,47.03333333333333,40.86941638196304,0.8689457770792993,22.857142857142858,-0.78125
2025-03-17,5.0,14.0,0.0,2111,8.0,0.0,0.0037896731406916154,3.4273972602739726,-8.0,-31824.0,False,103,Monday,False,2025-03,41.7,34.479529159117774,0.8268472220411935,17.857142857142858,-0.552
2025-03-18,19.0,34.0,6.0,2109,8.0,0.17647058823529413,0.003793266951161688,3.2049861495844874,-2.0,-31826.0,False,103,Tuesday,False,2025-03,38.56666666666667,33.05239657786103,0.857019790264331,14.285714285714286,-0.44
2025-03-19,6.0,22.0,14.0,2119,9.0,0.6363636363636364,0.004247286455875413,3.279279279279279,5.0,-31821.0,True,104,Wednesday,False,2025-03,36.4,32.778883025718905,0.9005187644428271,11.142857142857142,-0.19230769230769226
2025-03-20,9.0,20.0,11.0,2124,7.0,0.55,0.003295668549905838,3.1487341772151898,4.0,-31817.0,True,104,Thursday,False,2025-03,33.166666666666664,30.59195672218309,0.9223705544376812,9.142857142857142,-0.23437499999999994
2025-03-23,15.0,29.0,9.0,2136,2.0,0.3103448275862069,0.0009363295880149813,2.784313725490196,7.0,-31810.0,True,104,Sunday,True,2025-03,28.4,22.68464466215516,0.7987550937378578,7.285714285714286,-0.7254901960784313
2025-03-24,7.0,13.0,11.0,2139,7.0,0.8461538461538461,0.0032725572697522207,2.5503355704697985,4.0,-31806.0,True,104,Monday,False,2025-03,25.333333333333332,18.675695681697395,0.737198513751213,6.428571428571429,0.08888888888888885
2025-03-25,12.0,19.0,7.0,2145,6.0,0.3684210526315789,0.002797202797202797,2.391156462585034,1.0,-31805.0,True,104,Tuesday,False,2025-03,23.433333333333334,17.578755464427203,0.7501602616398522,6.571428571428571,-0.0869565217391304
2025-03-26,9.0,21.0,15.0,2159,2.0,0.7142857142857143,0.0009263547938860583,2.243150684931507,13.0,-31792.0,True,104,Wednesday,False,2025-03,21.833333333333332,17.258847472873796,0.7904815636430746,6.714285714285714,-0.7021276595744681
2025-03-27,1.0,19.0,13.0,2159,2.0,0.6842105263157895,0.0009263547938860583,2.1335740072202167,11.0,-31781.0,True,104,Thursday,False,2025-03,19.7,15.47445057795666,0.7855051054800335,5.857142857142857,-0.6585365853658537
2025-03-30,9.0,20.0,5.0,2188,2.0,0.25,0.0009140767824497258,1.9225092250922509,3.0,-31778.0,True,104,Sunday,True,2025-03,17.366666666666667,12.260065065172641,0.7059538425243364,5.0,-0.6
2025-03-31,9.0,25.0,8.0,2193,5.0,0.32,0.002279981760145919,1.8786764705882353,3.0,-31775.0,True,104,Monday,False,2025-03,17.033333333333335,12.460927439145367,0.7315612977971839,4.0,0.25
2025-04-01,17.0,36.0,7.0,2191,12.0,0.19444444444444445,0.005476951163852123,1.896678966789668,-5.0,-31780.0,False,105,Tuesday,False,2025-04,17.133333333333333,12.40615346020388,0.7240945599340787,3.7142857142857144,2.2307692307692304
2025-04-02,5.0,31.0,16.0,2208,3.0,0.5161290322580645,0.001358695652173913,1.8863636363636365,13.0,-31767.0,True,106,Wednesday,False,2025-04,16.6,12.664367607445682,0.7629137112919084,5.142857142857143,-0.4166666666666667
2025-04-03,12.0,26.0,18.0,2223,8.0,0.6923076923076923,0.003598740440845704,1.8022813688212929,10.0,-31757.0,True,106,Thursday,False,2025-04,15.8,12.413563216260897,0.785668557991196,4.571428571428571,0.7500000000000001
2025-04-06,7.0,14.0,7.0,2234,11.0,0.5,0.004923903312444047,1.7110266159695817,-4.0,-31761.0,False,107,Sunday,True,2025-04,15.0,11.896101940521438,0.7930734627014292,4.857142857142857,1.2647058823529413
2025-04-07,12.0,22.0,9.0,2237,5.0,0.4090909090909091,0.002235136343316942,1.6901960784313725,4.0,-31757.0,True,108,Monday,False,2025-04,14.366666666666667,11.906194659266049,0.8287374472806994,6.142857142857143,-0.18604651162790703
2025-04-08,12.0,34.0,12.0,2243,9.0,0.35294117647058826,0.004012483281319661,1.62890625,3.0,-31754.0,True,108,Tuesday,False,2025-04,13.9,11.830265103274764,0.851098208868688,6.571428571428571,0.3695652173913044
2025-04-09,6.0,19.0,10.0,2251,5.0,0.5263157894736842,0.002221235006663705,1.596,5.0,-31749.0,True,108,Wednesday,False,2025-04,13.3,11.809259955205603,0.8879142823462859,7.571428571428571,-0.33962264150943394
2025-04-10,18.0,25.0,17.0,2265,6.0,0.68,0.0026490066225165563,1.426356589147287,11.0,-31738.0,True,108,Thursday,False,2025-04,12.266666666666667,10.991951078207839,0.8960829683321607,7.571428571428571,-0.20754716981132074
2025-04-11,8.0,22.0,8.0,2267,9.0,0.36363636363636365,0.003970004411116012,1.3622047244094488,-1.0,-31739.0,False,109,Friday,False,2025-04,11.533333333333333,10.417933256327792,0.9032890106642595,6.714285714285714,0.3404255319148936
2025-04-13,5.0,26.0,10.0,2283,3.0,0.38461538461538464,0.001314060446780552,1.2908366533864541,7.0,-31732.0,True,110,Sunday,True,2025-04,10.8,10.20952901747127,0.9453267608769694,7.571428571428571,-0.6037735849056604
2025-04-14,5.0,26.0,9.0,2282,13.0,0.34615384615384615,0.0056967572304995615,1.2182539682539681,-4.0,-31736.0,False,111,Monday,False,2025-04,10.233333333333333,9.558110234995985,0.9340172868074252,6.857142857142857,0.8958333333333335
2025-04-15,4.0,19.0,12.0,2286,7.0,0.631578947368421,0.0030621172353455816,1.091633466135458,5.0,-31731.0,True,112,Tuesday,False,2025-04,9.133333333333333,7.740325812143052,0.8474809283368305,7.142857142857143,-0.020000000000000052
2025-04-16,11.0,30.0,5.0,2291,8.0,0.16666666666666666,0.003491924923614142,0.9764705882352941,-3.0,-31734.0,False,113,Wednesday,False,2025-04,8.3,6.292579099550908,0.7581420601868563,7.428571428571429,0.07692307692307689
2025-04-17,7.0,26.0,10.0,2288,14.0,0.38461538461538464,0.006118881118881119,0.932,-4.0,-31738.0,False,113,Thursday,False,2025-04,7.766666666666667,4.91783056552697,0.6331970685227858,7.285714285714286,0.9215686274509804
2025-04-20,4.0,15.0,6.0,2305,4.0,0.4,0.0017353579175704988,0.8629032258064516,2.0,-31736.0,True,114,Sunday,True,2025-04,7.133333333333334,4.03205546394574,0.5652414201793093,8.571428571428571,-0.5333333333333333
2025-04-21,10.0,25.0,5.0,2308,6.0,0.2,0.0025996533795493936,0.7843137254901961,-1.0,-31737.0,False,115,Monday,False,2025-04,6.666666666666667,3.2199093297670447,0.48298639946505667,8.285714285714286,-0.2758620689655173
2025-04-22,7.0,19.0,14.0,2305,17.0,0.7368421052631579,0.00737527114967462,0.81640625,-3.0,-31740.0,False,115,Tuesday,False,2025-04,6.966666666666667,3.727653725712387,0.5350699127816824,7.857142857142857,1.1636363636363636
2025-04-23,3.0,23.0,4.0,2300,11.0,0.17391304347826086,0.004782608695652174,0.8392156862745098,-7.0,-31747.0,False,115,Wednesday,False,2025-04,7.133333333333334,3.794127343516221,0.5318870107733019,9.857142857142858,0.11594202898550719
2025-04-24,3.0,9.0,7.0,2294,13.0,0.7777777777777778,0.005666957279860506,0.8638132295719845,-6.0,-31753.0,False,115,Thursday,False,2025-04,7.4,3.9181276316498344,0.5294767069797073,9.571428571428571,0.35820895522388063
2025-04-27,9.0,40.0,12.0,2301,4.0,0.3,0.001738374619730552,0.8352490421455939,8.0,-31745.0,True,116,Sunday,True,2025-04,7.266666666666667,3.9647875390557754,0.5456129640902443,10.428571428571429,-0.6164383561643836
2025-04-28,6.0,26.0,12.0,2307,8.0,0.46153846153846156,0.0034677069787602947,0.8790322580645161,4.0,-31741.0,True,116,Monday,False,2025-04,7.266666666666667,3.9647875390557754,0.5456129640902443,9.857142857142858,-0.1884057971014493
2025-04-29,11.0,25.0,11.0,2304,15.0,0.44,0.006510416666666667,0.8853754940711462,-4.0,-31745.0,False,117,Tuesday,False,2025-04,7.466666666666667,4.199616840756108,0.5624486840298359,9.0,0.6666666666666666
2025-04-30,7.0,34.0,9.0,2309,12.0,0.2647058823529412,0.00519705500216544,0.9123505976095617,-3.0,-31748.0,False,117,Wednesday,False,2025-04,7.633333333333334,4.278924561413273,0.5605578028052323,10.571428571428571,0.13513513513513517
2025-05-01,13.0,32.0,14.0,2306,16.0,0.4375,0.006938421509106678,0.9759036144578314,-2.0,-31750.0,False,117,Thursday,False,2025-05,8.1,4.404934537065112,0.5438190786500139,11.428571428571429,0.39999999999999997
2025-05-04,9.0,31.0,10.0,2335,5.0,0.3225806451612903,0.0021413276231263384,0.9601593625498008,5.0,-31745.0,True,118,Sunday,True,2025-05,8.033333333333333,4.437173170735328,0.552345207975352,11.285714285714286,-0.5569620253164558
2025-05-05,15.0,44.0,20.0,2331,17.0,0.45454545454545453,0.007293007293007293,0.9921259842519685,3.0,-31742.0,True,118,Monday,False,2025-05,8.4,4.709491516585903,0.5606537519745122,10.428571428571429,0.6301369863013698
2025-05-06,10.0,33.0,16.0,2339,16.0,0.48484848484848486,0.006840530141085934,1.0431372549019609,0.0,-31742.0,False,119,Tuesday,False,2025-05,8.866666666666667,4.746928831707968,0.5353679133505227,11.0,0.45454545454545453
2025-05-07,10.0,30.0,15.0,2335,10.0,0.5,0.004282655246252677,1.0378787878787878,5.0,-31737.0,True,120,Wednesday,False,2025-05,9.133333333333333,4.5692626231709745,0.5002842288143403,12.714285714285714,-0.2134831460674157
2025-05-08,15.0,24.0,16.0,2361,11.0,0.6666666666666666,0.004659042778483694,1.048148148148148,5.0,-31732.0,True,120,Thursday,False,2025-05,9.433333333333334,4.376136962277434,0.4639014447643923,13.0,-0.15384615384615385
2025-05-11,15.0,20.0,12.0,2385,3.0,0.6,0.0012578616352201257,1.0181159420289856,9.0,-31723.0,True,120,Sunday,True,2025-05,9.366666666666667,4.460426246315217,0.47620209035393773,12.428571428571429,-0.7586206896551724
2025-05-12,7.0,33.0,14.0,2392,7.0,0.42424242424242425,0.002926421404682274,1.037593984962406,7.0,-31716.0,True,120,Monday,False,2025-05,9.2,4.452043312361132,0.4839177513436014,11.142857142857142,-0.37179487179487175
2025-05-13,18.0,29.0,12.0,2394,11.0,0.41379310344827586,0.004594820384294068,1.017921146953405,1.0,-31715.0,True,120,Tuesday,False,2025-05,9.466666666666667,4.3050358109196285,0.4547573039703833,9.857142857142858,0.11594202898550719
2025-05-14,7.0,30.0,14.0,2394,11.0,0.4666666666666667,0.004594820384294068,1.0474452554744527,3.0,-31712.0,True,120,Wednesday,False,2025-05,9.566666666666666,4.304635299004826,0.4499618779447554,10.714285714285714,0.02666666666666674
2025-05-15,15.0,31.0,14.0,2410,14.0,0.45161290322580644,0.005809128630705394,1.0283687943262412,0.0,-31712.0,False,121,Thursday,False,2025-05,9.666666666666666,4.373378188720512,0.452418433315915,9.857142857142858,0.4202898550724637
2025-05-18,13.0,28.0,14.0,2437,9.0,0.5,0.0036930652441526466,1.03886925795053,5.0,-31707.0,True,122,Sunday,True,2025-05,9.8,4.286305377953205,0.43737809979114334,9.571428571428571,-0.05970149253731341
2025-05-19,7.0,27.0,17.0,2457,6.0,0.6296296296296297,0.002442002442002442,1.0467625899280575,11.0,-31696.0,True,122,Monday,False,2025-05,9.7,4.340268544047692,0.4474503653657415,9.428571428571429,-0.36363636363636365
2025-05-21,14.0,62.0,13.0,2467,18.0,0.20967741935483872,0.007296311309282529,1.062937062937063,-5.0,-31701.0,False,123,Wednesday,False,2025-05,10.133333333333333,4.500830063925428,0.44416086157158835,8.714285714285714,1.0655737704918034
2025-05-22,18.0,36.0,17.0,2473,15.0,0.4722222222222222,0.00606550748079256,1.0944055944055944,2.0,-31699.0,True,124,Thursday,False,2025-05,10.433333333333334,4.515745123781422,0.4328190214486986,10.857142857142858,0.38157894736842096
2025-05-27,6.0,24.0,7.0,2504,11.0,0.2916666666666667,0.00439297124600639,1.1091549295774648,-4.0,-31703.0,False,125,Tuesday,False,2025-05,10.5,4.508612448066893,0.4293916617206565,12.0,-0.08333333333333333
2025-05-28,12.0,39.0,12.0,2499,14.0,0.3076923076923077,0.0056022408963585435,1.120274914089347,-2.0,-31705.0,False,125,Wednesday,False,2025-05,10.866666666666667,4.321025846692348,0.3976404153397866,12.0,0.16666666666666666
2025-05-29,13.0,38.0,15.0,2506,11.0,0.39473684210526316,0.004389465283320032,1.0836120401337792,4.0,-31701.0,True,126,Thursday,False,2025-05,10.8,4.302365027232514,0.39836713215115865,12.428571428571429,-0.1149425287356322
2025-06-01,8.0,24.0,16.0,2528,12.0,0.6666666666666666,0.004746835443037975,1.0858085808580857,4.0,-31697.0,True,126,Sunday,True,2025-06,10.966666666666667,4.246567241113764,0.38722497639335235,12.0,0.0
2025-06-02,10.0,19.0,5.0,2518,16.0,0.2631578947368421,0.006354249404289118,1.1158940397350994,-11.0,-31708.0,False,127,Monday,False,2025-06,11.233333333333333,4.304635299004844,0.38320195540102475,12.428571428571429,0.28735632183908044
2025-06-03,5.0,23.0,11.0,2519,15.0,0.4782608695652174,0.0059547439460103215,1.1266666666666667,-4.0,-31712.0,False,127,Tuesday,False,2025-06,11.266666666666667,4.330591528702865,0.38437202917481045,13.857142857142858,0.08247422680412367
2025-06-04,4.0,16.0,9.0,2516,16.0,0.5625,0.006359300476947536,1.1666666666666667,-7.0,-31719.0,False,127,Wednesday,False,2025-06,11.666666666666666,4.188105763352303,0.358980494001626,13.428571428571429,0.19148936170212763
2025-06-05,8.0,26.0,5.0,2503,21.0,0.19230769230769232,0.008389932081502197,1.2248322147651007,-16.0,-31735.0,False,127,Thursday,False,2025-06,12.166666666666666,4.379287718283373,0.35994145629726354,13.571428571428571,0.5473684210526316
2025-06-08,10.0,16.0,15.0,2507,13.0,0.9375,0.005185480654168329,1.1993355481727574,2.0,-31733.0,True,128,Sunday,True,2025-06,12.033333333333333,4.28697573115449,0.3562583710100684,15.0,-0.13333333333333333
2025-06-09,8.0,21.0,14.0,2516,9.0,0.6666666666666666,0.003577106518282989,1.173202614379085,5.0,-31728.0,True,128,Monday,False,2025-06,11.966666666666667,4.319030329654225,0.3609217545672055,14.857142857142858,-0.3942307692307693
2025-06-10,17.0,28.0,7.0,2511,12.0,0.25,0.0047789725209080045,1.11875,-5.0,-31733.0,False,129,Tuesday,False,2025-06,11.933333333333334,4.314636943473961,0.36156175503971744,14.571428571428571,-0.1764705882352941
2025-06-17,7.0,24.0,10.0,2523,14.0,0.4166666666666667,0.005548949663099485,1.1572327044025157,-4.0,-31737.0,False,129,Tuesday,False,2025-06,12.266666666666667,4.05933010723538,0.3309236500463625,14.571428571428571,-0.03921568627450979
2025-06-19,8.0,19.0,7.0,2501,18.0,0.3684210526315789,0.007197121151539384,1.18125,-11.0,-31748.0,False,129,Thursday,False,2025-06,12.6,4.107184621758411,0.3259670334728898,14.285714285714286,0.25999999999999995
2025-06-22,7.0,13.0,5.0,2508,7.0,0.38461538461538464,0.0027910685805422647,1.1708860759493671,-2.0,-31750.0,False,129,Sunday,True,2025-06,12.333333333333334,4.204540512292349,0.3409086901858661,14.714285714285714,-0.5242718446601942
2025-06-23,3.0,15.0,5.0,2495,17.0,0.3333333333333333,0.006813627254509018,1.2019230769230769,-12.0,-31762.0,False,129,Monday,False,2025-06,12.5,4.289120157340585,0.3431296125872468,13.428571428571429,0.26595744680851063
2025-06-24,5.0,20.0,5.0,2489,16.0,0.25,0.0064282844515869825,1.2335526315789473,-11.0,-31773.0,False,129,Tuesday,False,2025-06,12.5,4.289120157340585,0.3431296125872468,12.857142857142858,0.2444444444444444
2025-06-25,6.0,12.0,2.0,2470,24.0,0.16666666666666666,0.009716599190283401,1.308970099667774,-22.0,-31795.0,False,129,Wednesday,False,2025-06,13.133333333333333,4.538975528744582,0.34560727376227784,13.285714285714286,0.8064516129032258
2025-06-26,3.0,9.0,7.0,2447,35.0,0.7777777777777778,0.014303228442991417,1.42560553633218,-28.0,-31823.0,False,129,Thursday,False,2025-06,13.733333333333333,6.016834620507882,0.43811902576513706,15.428571428571429,1.2685185185185184
2025-06-29,5.0,17.0,7.0,2413,20.0,0.4117647058823529,0.008288437629506838,1.4647887323943662,-13.0,-31836.0,False,129,Sunday,True,2025-06,13.866666666666667,6.1123579361975695,0.44079504347578624,18.714285714285715,0.06870229007633583
2025-06-30,9.0,22.0,8.0,2407,16.0,0.36363636363636365,0.006647278770253427,1.4911660777385158,-8.0,-31844.0,False,129,Monday,False,2025-06,14.066666666666666,6.079549287586822,0.4321954469848452,19.571428571428573,-0.18248175182481757
2025-07-01,7.0,14.0,6.0,2391,22.0,0.42857142857142855,0.009201171058134672,1.5745454545454545,-16.0,-31860.0,False,129,Tuesday,False,2025-07,14.433333333333334,6.21834512486414,0.4308322257411644,19.285714285714285,0.1407407407407408
2025-07-02,8.0,20.0,9.0,2373,38.0,0.45,0.016013485040033713,1.7462686567164178,-29.0,-31889.0,False,129,Wednesday,False,2025-07,15.6,7.204404782897041,0.46182081941647696,21.428571428571427,0.7733333333333334
2025-07-06,4.0,17.0,2.0,2332,8.0,0.11764705882352941,0.003430531732418525,1.769811320754717,-6.0,-31895.0,False,129,Sunday,True,2025-07,15.633333333333333,7.16545031110308,0.4583443695801544,24.428571428571427,-0.672514619883041
2025-07-07,3.0,18.0,8.0,2317,20.0,0.4444444444444444,0.008631851532153647,1.912,-12.0,-31907.0,False,129,Monday,False,2025-07,15.933333333333334,7.153168255529975,0.448943614363806,23.285714285714285,-0.14110429447852757
2025-07-08,5.0,16.0,8.0,2306,20.0,0.5,0.008673026886383347,1.9637096774193548,-12.0,-31919.0,False,129,Tuesday,False,2025-07,16.233333333333334,7.127815031719365,0.43908511489030994,22.714285714285715,-0.11949685534591199
2025-07-09,2.0,18.0,0.0,2281,32.0,0.0,0.014028934677772907,2.148936170212766,-32.0,-31951.0,False,129,Wednesday,False,2025-07,16.833333333333332,7.670288999333802,0.4556607326336912,20.571428571428573,0.5555555555555555
2025-07-10,2.0,12.0,3.0,2252,39.0,0.25,0.017317939609236235,2.388392857142857,-36.0,-31987.0,False,129,Thursday,False,2025-07,17.833333333333332,8.522114572192578,0.4778755834874343,22.285714285714285,0.7500000000000001
2025-07-13,1.0,13.0,4.0,2204,10.0,0.3076923076923077,0.004537205081669692,2.4724770642201834,-6.0,-31993.0,False,129,Sunday,True,2025-07,17.966666666666665,8.360347020238962,0.4653254371190517,25.571428571428573,-0.6089385474860335
2025-07-14,2.0,9.0,1.0,2181,26.0,0.1111111111111111,0.01192113709307657,2.6553398058252426,-25.0,-32018.0,False,129,Monday,False,2025-07,18.233333333333334,8.488057871901532,0.4655241977276891,23.857142857142858,0.0898203592814371
2025-07-15,0.0,8.0,5.0,2171,17.0,0.625,0.00783049286043298,2.9202127659574466,-12.0,-32030.0,False,129,Tuesday,False,2025-07,18.3,8.46962116972115,0.4628208289465109,22.142857142857142,-0.23225806451612901
2025-07-16,1.0,9.0,0.0,2164,11.0,0.0,0.005083179297597043,3.0,-11.0,-32041.0,False,129,Wednesday,False,2025-07,18.3,8.46962116972115,0.4628208289465109,23.428571428571427,-0.5304878048780487
2025-07-17,3.0,16.0,2.0,2153,17.0,0.125,0.007895959126799815,3.1724137931034484,-15.0,-32056.0,False,129,Thursday,False,2025-07,18.4,8.434739331252322,0.45840974626371317,22.142857142857142,-0.23225806451612901
2025-07-21,4.0,18.0,7.0,2121,16.0,0.3888888888888889,0.007543611504007544,3.375757575757576,-9.0,-32065.0,False,129,Monday,False,2025-07,18.566666666666666,8.332252803508615,0.44877483681374947,21.714285714285715,-0.26315789473684215
2025-07-22,5.0,13.0,3.0,2117,16.0,0.23076923076923078,0.007557864903164856,3.462962962962963,-13.0,-32078.0,False,129,Tuesday,False,2025-07,18.7,8.255196900258465,0.441454379692966,19.428571428571427,-0.17647058823529405
2025-07-23,6.0,21.0,5.0,2111,14.0,0.23809523809523808,0.006631927996210327,3.537974683544304,-9.0,-32087.0,False,129,Wednesday,False,2025-07,18.633333333333333,8.285772322992816,0.44467472216419407,16.142857142857142,-0.1327433628318584
2025-07-24,6.0,18.0,7.0,2096,29.0,0.3888888888888889,0.01383587786259542,3.6037735849056602,-22.0,-32109.0,False,129,Thursday,False,2025-07,19.1,8.466363466376555,0.44326510295165206,16.714285714285715,0.735042735042735
2025-07-27,1.0,12.0,2.0,2088,4.0,0.16666666666666666,0.0019157088122605363,3.5961538461538463,-2.0,-32111.0,False,129,Sunday,True,2025-07,18.7,8.890715808424815,0.4754393480441078,17.142857142857142,-0.7666666666666666
2025-07-28,2.0,9.0,3.0,2080,14.0,0.3333333333333333,0.006730769230769231,3.6933333333333334,-11.0,-32122.0,False,129,Monday,False,2025-07,18.466666666666665,8.92007937699671,0.48303678936805294,15.285714285714286,-0.08411214953271033
2025-07-29,2.0,8.0,3.0,2072,12.0,0.375,0.005791505791505791,3.8943661971830985,-9.0,-32131.0,False,129,Tuesday,False,2025-07,18.433333333333334,8.943050984955203,0.48515647296321174,15.714285714285714,-0.23636363636363633
2025-07-30,4.0,15.0,4.0,2063,16.0,0.26666666666666666,0.007755695588948134,4.057971014492754,-12.0,-32143.0,False,129,Wednesday,False,2025-07,18.666666666666668,8.778238505778699,0.4702627770952874,15.0,0.06666666666666667
2025-07-31,2.0,9.0,6.0,2058,15.0,0.6666666666666666,0.007288629737609329,4.5772357723577235,-9.0,-32152.0,False,129,Thursday,False,2025-07,18.766666666666666,8.716545239916343,0.4644695509724517,15.0,0.0
2025-08-03,5.0,26.0,3.0,2049,5.0,0.11538461538461539,0.002440214738897023,4.578512396694215,-2.0,-32154.0,False,129,Sunday,True,2025-08,18.466666666666665,9.035307499424876,0.4892765793912388,14.857142857142858,-0.6634615384615384
2025-08-04,5.0,22.0,11.0,2040,14.0,0.5,0.006862745098039216,4.661016949152542,-3.0,-32157.0,False,129,Monday,False,2025-08,18.333333333333332,9.071871393195597,0.49482934871975987,13.571428571428571,0.031578947368421074
2025-08-05,2.0,21.0,10.0,2042,14.0,0.47619047619047616,0.0068560235063663075,4.929203539823009,-4.0,-32161.0,False,129,Tuesday,False,2025-08,18.566666666666666,8.857816860840932,0.4770816980704273,11.428571428571429,0.22499999999999998
2025-08-06,4.0,17.0,3.0,2036,13.0,0.17647058823529413,0.0063850687622789785,4.850877192982456,-10.0,-32171.0,False,129,Wednesday,False,2025-08,18.433333333333334,8.912151074885188,0.4834801668111313,12.857142857142858,0.011111111111111072
2025-08-07,4.0,18.0,6.0,2031,17.0,0.3333333333333333,0.008370260955194485,4.902654867256637,-11.0,-32182.0,False,129,Thursday,False,2025-08,18.466666666666665,8.904602968294347,0.48219871669463976,12.714285714285714,0.33707865168539336
2025-08-10,0.0,18.0,8.0,2006,12.0,0.4444444444444444,0.005982053838484547,5.065420560747664,-4.0,-32186.0,False,129,Sunday,True,2025-08,18.066666666666666,8.916986244137021,0.4935601242142263,13.428571428571429,-0.10638297872340427
2025-08-11,6.0,23.0,4.0,1999,16.0,0.17391304347826086,0.0080040020010005,4.754545454545455,-12.0,-32198.0,False,129,Monday,False,2025-08,17.433333333333334,8.328113307606694,0.4777120444133859,12.857142857142858,0.2444444444444444
2025-08-12,8.0,38.0,9.0,1999,9.0,0.23684210526315788,0.004502251125562781,4.530973451327434,0.0,-32198.0,False,129,Tuesday,False,2025-08,17.066666666666666,8.4524362263721,0.49525993513899025,13.0,-0.3076923076923077
2025-08-13,6.0,22.0,12.0,1997,17.0,0.5454545454545454,0.008512769153730596,4.663636363636364,-5.0,-32203.0,False,129,Wednesday,False,2025-08,17.1,8.450056110809557,0.49415532811751794,13.571428571428571,0.25263157894736843
2025-08-14,3.0,27.0,4.0,1994,11.0,0.14814814814814814,0.005516549648946841,4.735849056603773,-7.0,-32210.0,False,129,Thursday,False,2025-08,16.733333333333334,8.468738998803358,0.5060999401675313,14.0,-0.21428571428571427
2025-08-17,4.0,14.0,2.0,1991,3.0,0.14285714285714285,0.0015067805123053742,4.578431372549019,-1.0,-32211.0,False,129,Sunday,True,2025-08,15.566666666666666,7.824291675918839,0.5026311569112745,13.571428571428571,-0.7789473684210526
2025-08-18,4.0,20.0,6.0,1985,14.0,0.3,0.007052896725440806,4.637254901960785,-8.0,-32219.0,False,129,Monday,False,2025-08,15.766666666666667,7.699902969979181,0.4883659388993138,12.142857142857142,0.15294117647058827
2025-08-19,5.0,35.0,3.0,1980,11.0,0.08571428571428572,0.005555555555555556,4.461538461538462,-8.0,-32227.0,False,129,Tuesday,False,2025-08,15.466666666666667,7.704603788657638,0.4981424863356232,11.714285714285714,-0.0609756097560975
2025-08-20,10.0,38.0,10.0,1983,10.0,0.2631578947368421,0.005042864346949067,4.165137614678899,0.0,-32227.0,False,129,Wednesday,False,2025-08,15.133333333333333,7.718018922749655,0.5100012504019596,11.571428571428571,-0.13580246913580246
2025-08-21,6.0,49.0,8.0,1972,21.0,0.16326530612244897,0.010649087221095335,3.920353982300885,-13.0,-32240.0,False,129,Thursday,False,2025-08,14.766666666666667,7.127815031719361,0.48269627754307187,10.714285714285714,0.9600000000000002
2025-08-24,4.0,21.0,5.0,1981,5.0,0.23809523809523808,0.002523977788995457,3.5565217391304347,0.0,-32240.0,False,129,Sunday,True,2025-08,13.633333333333333,5.702288308564431,0.4182607561294204,12.428571428571429,-0.5977011494252874
2025-08-25,8.0,30.0,8.0,1980,11.0,0.26666666666666666,0.005555555555555556,3.360655737704918,-3.0,-32243.0,False,129,Monday,False,2025-08,13.666666666666666,5.683207771556504,0.41584447108950034,10.714285714285714,0.02666666666666674
2025-08-26,10.0,21.0,20.0,1989,15.0,0.9523809523809523,0.007541478129713424,3.0692307692307694,5.0,-32238.0,True,130,Tuesday,False,2025-08,13.3,5.1938292298585536,0.39051347592921454,10.714285714285714,0.4000000000000001
2025-08-27,5.0,19.0,9.0,1988,19.0,0.47368421052631576,0.009557344064386318,2.9703703703703703,-10.0,-32248.0,False,131,Wednesday,False,2025-08,13.366666666666667,5.255429595176082,0.39317428392838516,12.428571428571429,0.5287356321839081
2025-08-28,8.0,33.0,6.0,1984,17.0,0.18181818181818182,0.008568548387096774,2.8661971830985915,-11.0,-32259.0,False,131,Thursday,False,2025-08,13.566666666666666,5.276384167687667,0.38892266592292385,13.142857142857142,0.29347826086956524
2025-09-01,10.0,29.0,17.0,2010,5.0,0.5862068965517241,0.0024875621890547263,2.651006711409396,12.0,-32247.0,True,132,Monday,False,2025-09,13.166666666666666,5.4588323453537395,0.4145948616724359,14.0,-0.6428571428571429
2025-09-02,6.0,35.0,9.0,2020,9.0,0.2571428571428571,0.004455445544554455,2.5695364238410594,0.0,-32247.0,False,133,Tuesday,False,2025-09,12.933333333333334,5.483098377382947,0.42395090546775366,13.285714285714286,-0.32258064516129037
2025-09-03,4.0,29.0,11.0,2019,10.0,0.3793103448275862,0.004952947003467063,2.546666666666667,1.0,-32246.0,True,134,Wednesday,False,2025-09,12.733333333333333,5.476805848194558,0.4301156425283684,11.571428571428571,-0.13580246913580246
2025-09-04,11.0,40.0,2.0,2015,14.0,0.05,0.006947890818858561,2.464516129032258,-12.0,-32258.0,False,135,Thursday,False,2025-09,12.733333333333333,5.476805848194558,0.4301156425283684,12.285714285714286,0.13953488372093018
2025-09-07,4.0,19.0,9.0,2026,7.0,0.47368421052631576,0.0034550839091806516,2.3529411764705883,2.0,-32256.0,True,136,Sunday,True,2025-09,12.0,4.63122833188307,0.38593569432358915,12.714285714285714,-0.449438202247191
2025-09-08,7.0,25.0,5.0,2025,6.0,0.2,0.002962962962962963,2.2767295597484276,-1.0,-32257.0,False,137,Monday,False,2025-09,12.066666666666666,4.525280203424724,0.375023221278292,11.571428571428571,-0.48148148148148145
2025-09-09,18.0,42.0,11.0,2023,14.0,0.2619047619047619,0.006920415224913495,2.0685714285714285,-3.0,-32260.0,False,137,Tuesday,False,2025-09,12.066666666666666,4.525280203424724,0.375023221278292,9.714285714285714,0.4411764705882354
2025-09-10,10.0,47.0,14.0,2025,18.0,0.2978723404255319,0.008888888888888889,2.010928961748634,-4.0,-32264.0,False,137,Wednesday,False,2025-09,12.266666666666667,4.653017807037834,0.379322103834606,9.285714285714286,0.9384615384615383
2025-09-11,12.0,38.0,29.0,2047,6.0,0.7631578947368421,0.0029311187103077674,1.87434554973822,23.0,-32241.0,True,138,Thursday,False,2025-09,11.933333333333334,4.733835168472421,0.3966900979166833,11.142857142857142,-0.4615384615384615
2025-09-14,7.0,39.0,13.0,2083,5.0,0.3333333333333333,0.002400384061449832,1.7755102040816326,8.0,-32233.0,True,138,Sunday,True,2025-09,11.6,4.860821556780704,0.41903634110178484,10.714285714285714,-0.5333333333333333
2025-09-15,9.0,47.0,10.0,2086,10.0,0.2127659574468085,0.004793863854266539,1.765,0.0,-32233.0,False,139,Monday,False,2025-09,11.766666666666667,4.710101641284593,0.4002919241884923,10.0,0.0
2025-09-16,7.0,28.0,17.0,2095,12.0,0.6071428571428571,0.005727923627684964,1.7376237623762376,5.0,-32228.0,True,140,Tuesday,False,2025-09,11.7,4.6915183925413375,0.40098447799498615,9.428571428571429,0.2727272727272727
2025-09-17,7.0,38.0,5.0,2096,13.0,0.13157894736842105,0.006202290076335878,1.6908212560386473,-8.0,-32236.0,False,141,Wednesday,False,2025-09,11.666666666666666,4.678146798811663,0.40098401132671396,10.142857142857142,0.2816901408450705
2025-09-18,20.0,52.0,11.0,2096,14.0,0.21153846153846154,0.006679389312977099,1.5739910313901346,-3.0,-32239.0,False,141,Thursday,False,2025-09,11.7,4.6915183925413375,0.40098447799498615,11.142857142857142,0.25641025641025644
2025-09-21,8.0,35.0,13.0,2134,5.0,0.37142857142857144,0.0023430178069353325,1.4933920704845816,8.0,-32231.0,True,142,Sunday,True,2025-09,11.3,4.7354131742649335,0.41906311276680824,11.142857142857142,-0.5512820512820512
2025-09-22,17.0,40.0,14.0,2141,10.0,0.35,0.004670714619336758,1.3811475409836065,4.0,-32227.0,True,142,Monday,False,2025-09,11.233333333333333,4.739295257756926,0.4218957202750973,9.285714285714286,0.07692307692307683
2025-09-23,11.0,36.0,10.0,2145,15.0,0.2777777777777778,0.006993006993006993,1.3493975903614457,-5.0,-32232.0,False,143,Tuesday,False,2025-09,11.2,4.708026894713614,0.4203595441708584,9.857142857142858,0.5217391304347825
2025-09-24,3.0,38.0,12.0,2138,17.0,0.3157894736842105,0.007951356407857811,1.4098360655737705,-5.0,-32237.0,False,143,Wednesday,False,2025-09,11.466666666666667,4.804691194159287,0.4190137669324959,11.285714285714286,0.5063291139240506
2025-09-25,6.0,35.0,12.0,2132,18.0,0.34285714285714286,0.008442776735459663,1.4139344262295082,-6.0,-32243.0,False,143,Thursday,False,2025-09,11.5,4.84767985741297,0.42153737890547566,12.285714285714286,0.4651162790697673
2025-09-28,11.0,29.0,12.0,2146,9.0,0.41379310344827586,0.004193849021435228,1.3611111111111112,3.0,-32240.0,True,144,Sunday,True,2025-09,11.433333333333334,4.868500677882477,0.4258163858206248,13.142857142857142,-0.3152173913043478
2025-09-29,8.0,35.0,12.0,2148,13.0,0.34285714285714286,0.006052141527001862,1.37890625,-1.0,-32241.0,False,145,Monday,False,2025-09,11.766666666666667,4.60646721792878,0.3914844661129275,12.571428571428571,0.03409090909090911
2025-09-30,8.0,32.0,12.0,2159,7.0,0.375,0.003242241778601204,1.3307692307692307,5.0,-32236.0,True,146,Tuesday,False,2025-09,11.533333333333333,4.666338247881908,0.40459580183947186,12.428571428571429,-0.4367816091954023
2025-10-01,4.0,33.0,12.0,2163,14.0,0.36363636363636365,0.006472491909385114,1.3474903474903475,-2.0,-32238.0,False,147,Wednesday,False,2025-10,11.633333333333333,4.686615816989845,0.40286095848050246,12.714285714285714,0.10112359550561804
2025-10-02,20.0,51.0,15.0,2164,16.0,0.29411764705882354,0.0073937153419593345,1.3197026022304832,-1.0,-32239.0,False,147,Thursday,False,2025-10,11.833333333333334,4.742204734835253,0.40074969590157067,13.285714285714286,0.20430107526881713
2025-10-05,8.0,28.0,13.0,2180,16.0,0.4642857142857143,0.007339449541284404,1.2915129151291513,-3.0,-32242.0,False,147,Sunday,True,2025-10,11.666666666666666,4.4900912619007345,0.38486496530577724,13.428571428571429,0.19148936170212763
2025-10-06,5.0,33.0,15.0,2187,10.0,0.45454545454545453,0.004572473708276178,1.3051470588235294,5.0,-32237.0,True,148,Monday,False,2025-10,11.833333333333334,4.323818023323604,0.36539307239354396,13.285714285714286,-0.24731182795698928
2025-10-07,11.0,45.0,4.0,2189,10.0,0.08888888888888889,0.0045682960255824575,1.2872727272727273,-6.0,-32243.0,False,149,Tuesday,False,2025-10,11.8,4.334305814835772,0.3673140521047264,12.142857142857142,-0.17647058823529407
2025-10-08,8.0,49.0,15.0,2192,17.0,0.30612244897959184,0.007755474452554745,1.304029304029304,-2.0,-32245.0,False,149,Wednesday,False,2025-10,11.866666666666667,4.400104491963497,0.3707953223564745,12.285714285714286,0.38372093023255804
2025-10-09,11.0,55.0,13.0,2192,12.0,0.23636363636363636,0.005474452554744526,1.2508960573476702,1.0,-32244.0,True,150,Thursday,False,2025-10,11.633333333333333,4.189340605943985,0.3601152383332939,12.857142857142858,-0.06666666666666671
2025-10-13,8.0,24.0,7.0,2223,6.0,0.2916666666666667,0.002699055330634278,1.2114695340501793,1.0,-32243.0,True,150,Monday,False,2025-10,11.266666666666667,4.184811068391061,0.3714329350642953,13.571428571428571,-0.5578947368421052
2025-10-14,7.0,30.0,16.0,2235,8.0,0.5333333333333333,0.0035794183445190158,1.2355072463768115,8.0,-32235.0,True,150,Tuesday,False,2025-10,11.366666666666667,4.063999502213356,0.3575366130979492,12.428571428571429,-0.3563218390804598
2025-10-15,8.0,29.0,10.0,2225,15.0,0.3448275862068966,0.006741573033707865,1.2482014388489209,-5.0,-32240.0,False,151,Wednesday,False,2025-10,11.566666666666666,4.091061183747175,0.35369405046805547,11.285714285714286,0.32911392405063283
2025-10-16,9.0,33.0,15.0,2233,9.0,0.45454545454545453,0.004030452306314375,1.2226148409893993,6.0,-32234.0,True,152,Thursday,False,2025-10,11.533333333333333,4.108303898144301,0.3562113206483498,11.142857142857142,-0.19230769230769226
2025-10-19,9.0,34.0,17.0,2237,7.0,0.5,0.0031291908806437194,1.206405693950178,10.0,-32224.0,True,152,Sunday,True,2025-10,11.3,4.161813265289521,0.3683020588751788,11.0,-0.36363636363636365
2025-10-20,10.0,39.0,6.0,2243,7.0,0.15384615384615385,0.003120820329915292,1.181184668989547,-1.0,-32225.0,False,153,Monday,False,2025-10,11.3,4.161813265289521,0.3683020588751788,10.571428571428571,-0.33783783783783783
2025-10-21,13.0,39.0,17.0,2251,9.0,0.4358974358974359,0.003998223011994669,1.1672354948805461,8.0,-32217.0,True,154,Tuesday,False,2025-10,11.4,4.06498929039203,0.3565780079291254,9.142857142857142,-0.015624999999999944
2025-10-22,12.0,42.0,13.0,2261,12.0,0.30952380952380953,0.005307386112339673,1.1846689895470384,1.0,-32216.0,True,154,Wednesday,False,2025-10,11.333333333333334,4.037183495294715,0.35622207311423953,8.714285714285714,0.377049180327869
2025-10-23,4.0,27.0,26.0,2266,18.0,0.9629629629629629,0.00794351279788173,1.209964412811388,8.0,-32208.0,True,154,Thursday,False,2025-10,11.333333333333334,4.037183495294715,0.35622207311423953,9.571428571428571,0.8805970149253732
2025-10-26,4.0,35.0,12.0,2276,10.0,0.34285714285714286,0.004393673110720563,1.26007326007326,2.0,-32206.0,True,154,Sunday,True,2025-10,11.466666666666667,3.919300899420368,0.341799497042474,11.0,-0.09090909090909091
2025-10-27,2.0,31.0,8.0,2282,11.0,0.25806451612903225,0.004820333041191937,1.3059701492537314,-3.0,-32209.0,False,155,Monday,False,2025-10,11.666666666666666,3.7262658884239337,0.31939421900776577,10.285714285714286,0.06944444444444436
2025-10-28,6.0,22.0,11.0,2286,6.0,0.5,0.0026246719160104987,1.3056603773584905,5.0,-32204.0,True,156,Tuesday,False,2025-10,11.533333333333333,3.8572219173269846,0.33444120670465183,10.571428571428571,-0.4324324324324324
2025-10-29,6.0,25.0,4.0,2280,17.0,0.16,0.007456140350877193,1.3295454545454546,-13.0,-32217.0,False,157,Wednesday,False,2025-10,11.7,3.9840198032980325,0.34051451310239594,10.428571428571429,0.6301369863013698
2025-10-30,3.0,17.0,14.0,2287,12.0,0.8235294117647058,0.005247048535198951,1.3461538461538463,2.0,-32215.0,True,158,Thursday,False,2025-10,11.666666666666666,3.976945052925729,0.34088100453649106,11.857142857142858,0.012048192771084295
2025-11-02,5.0,21.0,10.0,2277,7.0,0.47619047619047616,0.0030742204655248135,1.4,3.0,-32212.0,True,158,Sunday,True,2025-11,11.433333333333334,4.040171841112027,0.35336779951417147,12.285714285714286,-0.4302325581395349
2025-11-03,3.0,28.0,5.0,2269,12.0,0.17857142857142858,0.005288673424416042,1.4583333333333333,-7.0,-32219.0,False,159,Monday,False,2025-11,11.666666666666666,3.8536443417382356,0.3303123721489916,11.571428571428571,0.03703703703703706
2025-11-04,6.0,33.0,6.0,2270,8.0,0.18181818181818182,0.003524229074889868,1.519650655021834,-2.0,-32221.0,False,159,Tuesday,False,2025-11,11.6,3.900486264995137,0.33624881594785666,10.714285714285714,-0.2533333333333333
2025-11-05,8.0,41.0,8.0,2272,7.0,0.1951219512195122,0.0030809859154929575,1.5044247787610618,1.0,-32220.0,True,160,Wednesday,False,2025-11,11.333333333333334,3.9333528150654757,0.3470605425057772,10.428571428571429,-0.32876712328767127
2025-11-06,6.0,33.0,9.0,2264,19.0,0.2727272727272727,0.008392226148409895,1.4934497816593886,-10.0,-32230.0,False,161,Thursday,False,2025-11,11.4,4.047988005975208,0.3550866671908077,9.857142857142858,0.9275362318840579
2025-11-09,11.0,33.0,5.0,2294,4.0,0.15151515151515152,0.0017436791630340018,1.4017094017094016,1.0,-32229.0,True,162,Sunday,True,2025-11,10.933333333333334,4.067815929555931,0.37205633502035956,11.714285714285714,-0.6585365853658537
2025-11-11,11.0,39.0,12.0,2294,14.0,0.3076923076923077,0.006102877070619006,1.4230769230769231,-2.0,-32231.0,False,163,Tuesday,False,2025-11,11.1,4.088250616512601,0.3683108663524866,9.857142857142858,0.4202898550724637
2025-11-12,14.0,48.0,20.0,2302,7.0,0.4166666666666667,0.0030408340573414424,1.3625,13.0,-32218.0,True,164,Wednesday,False,2025-11,10.9,4.138548804455969,0.3796833765555934,10.142857142857142,-0.30985915492957744
2025-11-13,6.0,26.0,16.0,2317,5.0,0.6153846153846154,0.0021579628830384117,1.365546218487395,11.0,-32207.0,True,164,Thursday,False,2025-11,10.833333333333334,4.218868399782104,0.38943400613373264,10.142857142857142,-0.5070422535211268
2025-11-16,5.0,22.0,3.0,2340,5.0,0.13636363636363635,0.002136752136752137,1.3221757322175731,-2.0,-32209.0,False,165,Sunday,True,2025-11,10.533333333333333,4.305035810919657,0.40870593141642314,9.142857142857142,-0.45312499999999994
2025-11-17,1.0,35.0,6.0,2343,8.0,0.17142857142857143,0.0034144259496372174,1.4,-2.0,-32211.0,False,165,Monday,False,2025-11,10.266666666666667,4.201258705746528,0.4092135102999865,8.714285714285714,-0.08196721311475402
2025-11-18,2.0,38.0,8.0,2345,12.0,0.21052631578947367,0.00511727078891258,1.4205607476635513,-4.0,-32215.0,False,165,Tuesday,False,2025-11,10.133333333333333,4.074591863063344,0.4020978812233564,8.857142857142858,0.35483870967741926
2025-11-19,7.0,32.0,3.0,2340,10.0,0.09375,0.004273504273504274,1.4074074074074074,-7.0,-32222.0,False,165,Wednesday,False,2025-11,10.133333333333333,4.074591863063344,0.4020978812233564,7.857142857142857,0.27272727272727276
2025-11-20,18.0,57.0,8.0,2340,9.0,0.14035087719298245,0.0038461538461538464,1.358744394618834,-1.0,-32223.0,False,165,Thursday,False,2025-11,10.1,4.0798072976764725,0.40394131660163096,8.714285714285714,0.03278688524590173
2025-11-23,3.0,46.0,22.0,2375,1.0,0.4782608695652174,0.0004210526315789474,1.31651376146789,21.0,-32202.0,True,166,Sunday,True,2025-11,9.566666666666666,4.190986496764122,0.4380822122053089,8.0,-0.875
2025-11-24,9.0,40.0,9.0,2371,13.0,0.225,0.005482918599746942,1.3333333333333333,-4.0,-32206.0,False,167,Monday,False,2025-11,9.6,4.214916042028188,0.43905375437793626,7.142857142857143,0.82
2025-11-25,6.0,47.0,14.0,2375,11.0,0.2978723404255319,0.0046315789473684215,1.3691588785046729,3.0,-32203.0,True,168,Tuesday,False,2025-11,9.766666666666667,4.1662298621577625,0.4265764363984057,8.285714285714286,0.3275862068965516
2025-11-27,4.0,24.0,8.0,2389,7.0,0.3333333333333333,0.0029300962745918793,1.3838862559241707,1.0,-32202.0,True,168,Thursday,False,2025-11,9.733333333333333,4.184811068391043,0.4299463426429154,9.142857142857142,-0.23437499999999994
2025-11-30,4.0,18.0,10.0,2415,0.0,0.5555555555555556,0.0,1.3381642512077294,10.0,-32192.0,True,168,Sunday,True,2025-11,9.233333333333333,4.423162648610062,0.4790428861310537,9.0,-1.0
2025-12-01,4.0,26.0,4.0,2410,9.0,0.15384615384615385,0.0037344398340248964,1.3712871287128714,-5.0,-32197.0,False,169,Monday,False,2025-12,9.233333333333333,4.423162648610062,0.4790428861310537,7.285714285714286,0.23529411764705885
2025-12-02,7.0,34.0,6.0,2407,8.0,0.17647058823529413,0.0033236393851267137,1.39,-2.0,-32199.0,False,169,Tuesday,False,2025-12,9.266666666666667,4.409498629196608,0.47584517581258357,7.142857142857143,0.11999999999999994
2025-12-03,4.0,32.0,8.0,2419,7.0,0.25,0.0028937577511368336,1.4329896907216495,1.0,-32198.0,True,170,Wednesday,False,2025-12,9.266666666666667,4.409498629196608,0.47584517581258357,7.0,0.0
2025-12-04,16.0,39.0,7.0,2418,13.0,0.1794871794871795,0.005376344086021506,1.4314720812182742,-6.0,-32204.0,False,171,Thursday,False,2025-12,9.4,4.461328084307329,0.47460937067099246,7.857142857142857,0.6545454545454547
2025-12-07,4.0,24.0,13.0,2429,12.0,0.5416666666666666,0.004940304652120214,1.492063492063492,1.0,-32203.0,True,172,Sunday,True,2025-12,9.4,4.461328084307329,0.47460937067099246,7.857142857142857,0.5272727272727273
2025-12-08,9.0,27.0,9.0,2440,4.0,0.3333333333333333,0.001639344262295082,1.3814432989690721,5.0,-32198.0,True,172,Monday,False,2025-12,8.933333333333334,4.258325179375164,0.47667819172110043,8.0,-0.5
2025-12-09,4.0,30.0,7.0,2443,8.0,0.23333333333333334,0.003274662300450266,1.3711340206185567,-1.0,-32199.0,False,173,Tuesday,False,2025-12,8.866666666666667,4.256705325701116,0.480079548011404,7.571428571428571,0.056603773584905696
2025-12-10,10.0,54.0,5.0,2439,9.0,0.09259259259259259,0.0036900369003690036,1.306930693069307,-4.0,-32203.0,False,173,Wednesday,False,2025-12,8.8,4.237761282755596,0.4815637821313177,8.714285714285714,0.03278688524590173
2025-12-11,7.0,47.0,9.0,2437,10.0,0.19148936170212766,0.004103405826836274,1.3201970443349753,-1.0,-32204.0,False,173,Thursday,False,2025-12,8.933333333333334,4.209458424768232,0.4712080326233095,8.714285714285714,0.14754098360655749
2025-12-14,8.0,35.0,4.0,2462,8.0,0.11428571428571428,0.003249390739236393,1.2634146341463415,-4.0,-32208.0,False,173,Sunday,True,2025-12,8.633333333333333,3.9258939973117055,0.4547367564453713,9.0,-0.1111111111111111
2025-12-15,11.0,42.0,9.0,2470,7.0,0.21428571428571427,0.002834008097165992,1.192488262910798,2.0,-32206.0,True,174,Monday,False,2025-12,8.466666666666667,3.8839486957517235,0.4587340979234319,9.142857142857142,-0.23437499999999994
2025-12-16,8.0,54.0,15.0,2468,9.0,0.2777777777777778,0.003646677471636953,1.1851851851851851,6.0,-32200.0,True,174,Tuesday,False,2025-12,8.533333333333333,3.875060251659339,0.4541086232413288,8.285714285714286,0.08620689655172403
2025-12-17,7.0,31.0,11.0,2481,10.0,0.3548387096774194,0.004030632809351068,1.1545454545454545,1.0,-32199.0,True,174,Wednesday,False,2025-12,8.466666666666667,3.830308651764664,0.4523986596572438,7.857142857142857,0.27272727272727276
2025-12-18,11.0,50.0,6.0,2472,16.0,0.12,0.006472491909385114,1.1644444444444444,-10.0,-32209.0,False,175,Thursday,False,2025-12,8.733333333333333,4.067815929555906,0.46578044994914963,8.714285714285714,0.836065573770492
2025-12-21,6.0,18.0,11.0,2484,14.0,0.6111111111111112,0.005636070853462158,1.2062780269058295,-3.0,-32212.0,False,175,Sunday,True,2025-12,8.966666666666667,4.164574187223315,0.46445065285018383,9.857142857142858,0.4202898550724637
